NaN,NaN,288.2029801,299.9660857,304.8013701,283.8292335,288.6861254,283.7830403,305,295.496734,301.9472979,300.9377343,305,294.1674213,294.2280076,294.2280076,294.495859,289.7662796,297.5570204,300.0181112,298.9885458,286.3568479,298.9884705,282.8858546,281.9749392,305,293.2008222,305,305,282.9178808,282.4746093,301.9451268,305,301.9226624,291.8851675,299.9172506,303.8956831,282.4763979,284.2426893,305,296.4910732,305,289.2823143,298.5857994,304.8718031,287.3778515,284.2727237,298.4488515,298.044544,301.9686867,299.0196238,280.5004634,296.1646337,303.8956831,305,303.8187146,297.0740417,296.1174795,293.2008222,NaN,NaN
NaN,NaN,304.3843566,300.4126739,302.3647077,287.3133469,286.0210785,286.4326656,296.1646337,294.6549198,298.9884705,276.3268491,305,291.6022946,302.854218,300.9933772,289.2707784,305,296.6050208,302.8871838,300.8482328,302.9338903,282.8637422,293.6799335,299.5071801,305,303.8341005,305,282.3976523,288.3795305,257.1126285,294.3763745,283.2487183,302.4605005,288.2651235,304.8828424,305,305,304.8948772,295.5777025,287.6326009,304.7668573,303.9194366,298.0139079,305,305,291.8851675,298.0673562,300.9933772,301.9761516,298.9992279,303.2993798,305,305,305,282.0037914,296.0990497,299.9947475,296.1646337,NaN,NaN
NaN,NaN,295.6122868,298.5097684,300.3879356,284.6910196,285.137111,284.6589799,303.4317327,293.1417827,288.7834489,296.9640221,292.1674943,290.2678155,301.8554311,298.0324361,300.9933772,304.8186115,297.4301117,304.3177666,282.0019003,305,293.1760489,300.8537271,297.1330488,296.1174795,305,305,301.4809068,302.8603548,291.8735856,305,281.1924915,293.6432343,305,283.8044559,305,303.3506098,303.8332577,301.385706,296.9805085,296.9410521,300.8770938,302.4327493,286.8565853,304.3013966,288.6815896,298.9441397,298.4488515,296.1174795,289.2823143,296.9805085,296.9640221,303.3741253,301.8752037,288.2029801,291.7471822,299.9172506,300.9114345,NaN,NaN
NaN,NaN,300.4126739,284.731789,305,284.7164871,286.4679914,284.6934842,303.4080274,299.5543854,283.3233912,291.8076054,304.8123227,293.5545918,290.7552292,283.3094113,291.0952385,305,305,302.8871838,296.5820347,304.8118868,305,284.6216311,303.913876,284.2155474,294.1488483,304.3875303,305,288.144683,302.4563578,298.2696017,285.5377555,304.3833499,305,305,305,296.0990497,295.6299489,297.4531319,303.913876,302.3210974,299.9660857,305,305,305,288.6860133,300.0181112,295.6299489,297.0657101,301.4575154,296.1174795,284.2234212,299.0428886,299.9663321,305,299.9978582,294.5280588,289.2823143,NaN,NaN
291.8851675,291.8851675,281.9993554,305,302.9338903,299.0428886,300.4823258,305,281.1292898,305,282.0019003,304.8186115,290.1289762,283.8044559,305,295.0283185,296.1174795,304.8931441,282.9211984,305,296.0945154,294.6544622,296.5823717,300.4823258,288.6609466,296.0649206,301.9226624,303.8395226,303.4395041,296.5820062,295.615744,305,305,301.4917639,305,305,296.0649206,295.5777025,301.9451268,297.1330488,302.8337963,305,288.7242672,283.7320196,295.5777025,297.5801356,300.8962146,305,305,305,286.9346211,289.5359913,288.6668112,300.0181112,300.9114345,296.6050208,305,303.8341799,292.7162519,289.1264601,291.7915129
291.3100957,290.4479511,282.0019003,301.4810265,286.4260222,298.0139079,300.8770938,290.2935421,261.7895573,298.2569615,291.7982782,296.5820062,283.5941577,283.9101664,305,303.8969218,294.2280076,284.5874261,305,305,283.3633613,290.3004539,282.4746093,290.623485,289.7581184,292.2916522,305,297.5617423,303.8187146,300.8962146,305,299.386421,285.5809507,305,305,299.3945928,300.5230402,300.3879356,295.0904957,295.6122868,301.4917639,283.8404964,305,305,285.8694203,301.9451268,305,305,299.4757691,291.7982782,288.2071621,289.848417,289.5286531,303.913876,302.3210974,304.3013966,290.7328305,301.0073934,305,289.5861091,289.9792153
290.8985086,288.609355,305,305,304.329038,300.5230402,301.4164963,300.8482328,270.7642044,302.4605005,289.5720424,303.8819164,282.894219,291.7498843,305,305,289.126813,291.8851675,291.8851675,286.4490962,305,279.2282166,304.3493934,295.6804517,290.8395623,302.9440398,299.510527,285.0970032,282.0019003,294.6321081,300.9377343,305,305,286.8856712,285.5777355,304.3243285,286.4555607,284.2477596,294.6033004,290.2533855,302.810235,286.0238293,291.8851675,289.5732685,300.9746363,299.9172506,294.1161165,282.0019003,305,305,285.5641803,291.8851675,289.5861091,305,302.3708062,296.0945154,305,302.810235,303.8332577,290.9075455,291.8851675
291.8851675,289.5682498,302.3835197,297.4756609,297.5266438,297.5490649,305,301.3538467,271.2698183,304.8931441,285.0970032,294.6491815,305,301.4575154,287.7911604,287.4020264,298.4488515,302.491478,287.3862621,274.9355192,281.8152705,288.0881516,290.7359544,288.4197472,280.4972724,300.4823258,290.7359544,283.0976136,284.4196679,287.6722319,305,299.386421,305,301.4170484,300.4823258,305,281.9993554,283.3808474,305,291.2202026,303.4080274,282.3690242,305,291.8851675,305,285.5651902,286.4322867,305,281.0028863,282.4565263,281.4452985,284.6938838,272.2178444,292.6823833,301.366259,305,289.2823143,298.9205026,294.1488483,291.8851675,287.3453202
288.2301756,284.7023383,299.4826485,298.5320784,297.5266438,305,296.0945154,284.7162826,286.3750343,305,286.0103726,296.1081023,305,301.8752037,296.0945154,291.8851675,301.3538467,283.3331755,284.9069563,302.8603548,283.3291204,287.7988002,302.4327493,301.8999997,297.0695078,294.6321081,290.2303404,302.3708062,290.6062174,294.6544622,305,291.2415682,287.313181,298.0041544,286.4260222,286.4555607,300.4058206,283.3393664,284.2426893,298.0041544,297.4985405,289.6059949,296.5820062,292.2335063,305,289.85113,289.1524369,303.8341799,302.8337963,294.5280588,303.3745753,297.5617423,304.3843566,282.9479566,297.0695078,301.4917639,293.6572241,289.3342473,305,289.5861091,291.8851675
290.4228421,287.3133469,303.8394707,297.4301117,296.5505144,305,300.8962146,282.8858546,303.3763024,301.366259,300.8537271,298.0139079,305,301.8554311,288.3342882,296.0990497,293.6432343,299.386421,277.0843784,305,305,288.7921013,303.8187146,303.4395041,305,303.8187146,296.0016442,294.0295077,292.1674943,305,300.9377343,304.3177666,295.6123816,293.5176416,289.2823143,282.0593565,288.7767004,295.615744,300.4058206,305,303.945118,302.9203828,281.2947985,298.0134705,281.9993554,305,305,297.4301117,289.7319709,289.8715862,300.0266102,297.0925728,295.1195663,296.0072372,283.8068584,294.0439899,298.130558,305,293.1762544,290.4228421,291.8851675
291.7397565,286.4260222,296.1646337,296.4519995,305,299.510527,302.3835197,304.8123227,295.6024883,305,304.3243285,297.0925728,297.5490649,301.4802502,282.0019003,295.5392866,286.8601099,295.6122868,284.6748433,283.8878561,300.0266102,305,282.0019003,287.8286743,291.5970604,305,305,289.6059949,293.0513908,296.6488327,298.4082522,292.6952082,300.4690224,300.4690224,305,305,297.561316,296.1081023,287.1334551,283.829175,285.449268,304.8931441,300.0387042,295.5174947,303.945118,286.4009347,293.6432343,290.7328305,301.8550321,281.3259811,289.7879282,302.8871838,295.6804517,299.9627174,295.615744,298.9884705,299.0232071,294.1506336,305,290.0120766,291.8851675
289.0927833,286.0238293,297.9191785,298.9884705,291.6207787,303.3745753,295.5392866,305,302.9440398,300.8770938,296.9410521,295.6299489,287.3230604,297.9651476,303.3506098,282.8088634,292.5688048,284.9845959,284.5489068,286.6724071,305,305,287.1966569,294.495859,305,290.2533855,300.364618,296.4519995,305,299.0153823,300.0387042,295.49671,300.9703253,305,300.0178421,301.3917277,303.4317327,299.4096626,295.6070355,305,298.0139079,297.9409528,286.3469074,297.5617423,288.2710865,282.0019003,304.7906108,301.9124358,294.6033004,302.8706885,293.5800327,298.9992279,288.1765658,296.6488327,300.3879356,293.0648958,302.3998039,300.9021977,303.3745753,290.4228421,291.3478861
NaN,NaN,305,305,305,305,303.8621147,305,300.9933772,300.9114345,281.8245089,302.4605567,305,305,303.8819164,297.0393913,305,299.9231563,294.1506336,304.329038,290.7550789,285.8694203,290.6183315,294.1447984,295.6299489,305,302.4324863,303.8973584,303.4093689,300.8770938,301.4599208,302.9449791,303.8973584,305,294.717664,294.2280076,281.7836383,298.4313722,293.6947009,289.5909349,253.0422105,305,305,305,296.5820062,301.4164963,292.7757157,304.7667407,288.3182658,302.4282763,301.9124358,283.4235239,298.1015321,300.5057388,286.7084859,293.0651997,303.3131006,305,284.6910741,NaN,NaN
NaN,NaN,305,302.8871838,301.8749132,305,305,305,290.7552292,285.394255,298.4313722,304.8368199,305,300.5230402,305,305,305,305,286.8097132,302.4342937,305,299.5304944,300.8770938,289.2823143,283.4045524,303.8187146,301.0073763,301.8749132,305,290.7061464,304.8013701,298.0486016,299.9634084,302.8706885,305,292.0508403,290.7405023,301.4802502,256.4503559,229.045442,240.3896784,283.3341564,281.9978511,305,288.8058321,300.0266102,282.0141142,300.4504009,292.6889632,305,301.3538467,299.4757691,304.7668573,300.9725551,299.0153823,294.6033004,290.7061464,297.0393913,287.8218746,NaN,NaN
NaN,NaN,291.8851675,290.2303404,300.8482328,305,305,305,301.9451268,295.0076517,301.3538467,300.9021977,305,293.1762544,301.3428434,296.5867787,293.19946,293.1924562,293.5178306,296.0995271,302.8074867,296.9929267,300.9025489,304.8010426,302.8337221,303.4317327,305,299.5072605,302.8545068,305,296.1174795,305,296.1081023,292.1674943,289.1553155,290.103937,295.6070355,300.9725551,277.3441077,261.388,238.0899579,283.2872238,305,305,288.144683,287.6390691,288.3050288,302.3650745,302.3650745,302.9440398,294.63784,302.4282763,294.6033004,290.7061464,302.4346866,292.1949789,302.9440398,303.8956831,300.9699151,NaN,NaN
NaN,NaN,299.5209963,297.561316,296.6137162,303.945118,301.9454005,305,301.8594606,299.0192711,295.1600762,304.3013966,290.8395623,303.7885319,305,298.5358987,299.5209963,297.55711,303.8332577,289.6396269,305,302.8545068,299.9175332,303.4319611,293.1762544,295.1966868,305,305,304.3844442,301.3917277,292.0864341,294.0494243,282.9178808,304.3229937,305,294.1161165,297.4756609,302.8337963,295.4867249,272.5110335,262.5372737,281.9993554,285.1136906,305,305,302.4605567,289.2930196,277.894007,294.6549198,296.6137162,304.8931441,301.3538467,289.7662796,302.3708062,305,287.2967282,302.3018729,300.9699151,286.7681181,NaN,NaN
NaN,NaN,299.433645,299.386421,297.5266438,301.4599208,304.8718031,300.9933772,298.50146,298.8973331,293.5168309,305,305,295.496734,297.0657101,298.5552935,299.9172506,299.5108753,305,305,297.0740417,296.6488327,302.9220868,294.495859,297.0657101,288.9036769,305,300.4495393,300.4058206,303.4319611,301.8315363,305,291.7300882,287.1966569,300.0387042,293.1762544,302.3647077,305,263.6627898,272.5110335,271.7451859,282.8858546,286.4234085,300.9699151,291.2415682,304.8931441,296.6050208,294.9704709,303.4395041,294.1161165,300.4504009,301.4802502,298.4546406,298.130558,296.0649206,301.8319668,301.9686867,305,298.5552935,NaN,NaN
NaN,NaN,305,303.3506098,300.9699151,301.9226624,297.0695078,299.9630792,293.6432343,297.9422486,286.8562135,305,302.6810832,304.5771354,289.7581184,299.5071801,304.8368199,305,305,301.9128679,301.8554311,305,282.0550821,298.5158238,300.4504009,305,301.4601221,305,296.9929267,305,294.1488483,298.4490463,298.0139079,299.8987843,300.9746363,290.7324868,302.854218,296.0990497,296.4742728,260.2153368,261.6331035,289.598323,301.4810265,301.3428434,264.4440303,302.8706885,302.9338903,295.4760849,299.0428886,297.5266438,300.9933772,290.6183315,301.4917639,299.9231563,294.0439899,294.63784,301.8319668,297.4353388,296.9642932,NaN,NaN
NaN,NaN,299.5304944,303.8121895,301.9451268,299.433645,300.9699151,303.3506098,301.4250792,282.9479566,285.032704,298.3201631,304.277691,305,301.4575154,296.0945154,299.5304944,304.4070363,302.9222832,305,300.4852009,298.1015321,297.0736389,300.9114345,301.3428434,295.5177748,304.3875303,284.7023383,303.8187146,297.0393913,300.4507068,304.8950258,305,302.854218,290.6062174,302.3213332,289.3878047,305,261.6176421,238.7538685,274.2955531,305,305,296.5820062,295.0904957,304.7668573,302.3210974,291.5575769,300.4067294,295.1966868,302.9220868,300.4852009,295.9816988,293.5545918,298.5011834,298.5320784,298.5358987,300.5057388,300.9699151,NaN,NaN
NaN,NaN,303.3131006,297.0393913,305,300.4852009,301.4599208,296.9805085,295.2232779,294.1506336,299.0232071,281.5401011,305,303.4317327,302.810235,298.9992279,289.7319709,301.4574111,305,303.3437347,300.4504009,302.3210974,303.3229894,303.8332577,305,304.8718031,304.7906108,296.0995271,305,282.0019003,298.4313722,305,290.7552292,294.495859,295.1195663,303.3131006,295.9629538,303.2993798,258.8297155,260.8373002,302.201291,283.8044559,303.3745753,303.8956831,301.385706,292.7052295,286.9438499,298.044544,299.9943463,299.0153823,297.5263847,301.9124358,300.9746363,NaN,NaN,NaN,298.5857994,295.0904957,303.8121895,NaN,NaN
291.3100957,289.5732685,296.5521503,303.3437347,296.9805085,300.4690224,300.4823258,305,289.1502837,299.386421,297.561316,297.9651476,300.4823258,304.8710279,285.7250506,297.9422486,301.8554311,295.1252958,305,283.7322928,282.7893708,301.8752037,289.2930196,303.9194366,303.9194366,302.8670564,283.4081896,295.4550338,234.1438593,241.5050032,256.7477758,265.0755346,288.5680359,298.2805535,305,278.6081425,254.7401912,264.7951063,299.8987843,295.0900521,302.4282763,285.8697621,297.0561283,296.5521503,297.0740417,290.2533855,300.364618,305,305,305,300.8962146,302.854218,303.8956831,296.0945154,297.0925728,294.6321081,305,303.8969218,299.40964,289.5717359,291.8851675
291.8851675,290.9076001,300.4495393,302.4605567,296.0995271,301.9226624,292.20192,301.3538467,295.6804517,301.4599208,292.6952082,304.3833499,299.9947475,298.4488515,302.9440398,303.9194366,304.3177666,281.9996837,282.442489,282.442489,296.0995271,298.1015321,289.1391944,305,301.4917639,300.0178421,225.0358633,270.8008687,214.7372073,215.3718846,219.9420564,255.0376111,298.173333,298.3445748,296.6015483,280.3926622,242.7690379,238.1590287,302.9448753,303.8969218,301.3917277,297.1193301,299.8755159,293.6799335,300.5230402,303.8969218,299.9231563,305,305,305,298.9383115,299.9630792,294.1488483,300.4852009,299.9630792,297.9593976,301.4917639,303.8819164,286.770759,289.152755,291.8851675
291.8851675,305,292.6952082,296.1174795,299.433645,303.4094984,301.4810265,304.3833499,301.3428434,295.1424291,297.5266438,290.2454691,304.8718031,296.9805085,301.366259,299.9947475,300.5057388,284.2293191,281.9996837,296.9859816,286.8097132,297.1330488,302.4327493,295.4739152,304.3843566,305,302.776747,288.5680359,222.7540309,198.7508846,196.966365,223.8712842,302.3653609,290.1605107,298.853846,250.2045369,220.0164115,222.1362105,301.9688963,292.1949789,290.2190531,298.0673562,300.4504009,298.4488515,294.2280076,299.0700839,298.0139079,305,304.3243285,305,299.8755159,300.0266102,298.0673562,301.0073934,302.3446102,299.40964,289.6446994,304.3833499,283.3233912,289.9792153,291.8851675
291.8851675,289.0927833,305,287.808822,294.1506336,302.4282763,297.9191785,305,281.9509124,301.9761516,299.386421,283.5383478,292.23306,298.4082522,295.0283185,301.4170484,292.6952082,305,290.103937,300.5322241,284.8958295,283.7679069,292.2175337,299.4828611,284.4157803,305,261.9395577,285.8288729,229.608205,193.4716805,220.4625413,241.8435624,269.090704,281.656697,305,240.4640333,215.8525321,225.0800947,301.8752037,290.623485,291.1076929,295.0904957,305,284.6216311,299.5304944,297.1330488,298.9205026,304.3492005,301.3538467,305,289.6446994,297.4301117,301.9472979,276.1363523,300.8770938,296.5820062,296.0072372,282.8880615,284.2155474,291.752901,291.8851675
305,299.4757691,299.386421,295.1195663,304.3875303,299.510527,298.5857994,293.5178306,302.8706885,302.9338903,300.9703253,301.8752037,289.3876232,297.5266438,301.9451268,294.0224448,297.5617423,299.433645,305,304.3843566,298.50146,305,282.3973048,292.20192,300.364618,299.0153823,300.364618,292.7162519,297.1330488,305,285.5809507,284.6562671,294.1674213,302.9449791,297.561316,295.9816988,301.4802502,302.3018729,305,286.2191378,301.9226624,282.4983531,283.287023,305,282.0019003,304.8931441,283.3856365,300.4852009,305,294.1674213,305,305,305,283.4451222,300.9021977,299.5071801,295.5177748,298.8973331,294.63784,291.7915129,291.8851675
304.83719,301.8315363,296.9640222,299.9947475,295.6122868,290.2533855,292.5758139,286.3688836,297.1193301,301.8554311,299.0153823,305,300.8962146,290.2454691,300.9933772,302.8074867,295.1250578,305,305,293.5599862,305,305,305,299.9172506,302.9203828,293.19946,298.0324361,305,286.7084859,282.4746093,299.386421,305,289.6396269,298.9441397,290.2303404,304.3875303,305,305,285.8698314,300.9021977,298.5097684,305,281.9996837,282.4490612,303.3131006,285.5067241,305,301.4599208,298.8973331,291.6207787,305,282.0317234,305,296.0995271,295.6122868,301.4810265,284.8617642,286.8562135,302.3210974,290.8985086,291.8851675
305,302.9222832,296.5820062,293.0705543,294.5333942,288.3681049,294.1674213,288.8056375,305,299.386421,300.5322241,301.3428434,300.0266102,300.9021977,299.5209963,305,296.0995271,298.5158238,305,289.2930196,303.8395226,305,305,305,305,304.8299425,294.7121387,300.4058206,299.9630792,298.0677091,285.953028,288.1765658,300.9933772,299.9634084,301.8554311,301.3538467,299.5071801,297.4699499,295.1424291,292.7757157,298.5857994,288.5518988,283.7725478,305,300.9699151,303.8956831,302.4346866,301.8812638,303.8969218,283.2831734,305,305,305,285.8815641,287.7654725,302.4346866,283.5383478,304.8013701,304.322787,291.8851675,291.8851675
285.5336622,297.0561283,292.20192,302.3998039,300.9699151,285.8694203,299.0700839,300.9933772,301.4802502,298.5097684,301.4802502,301.9124358,285.7163754,299.9660857,298.0139079,289.3342473,290.1289762,304.3013966,286.3688836,300.8962146,282.0547263,305,305,304.3875303,301.4810265,295.5122214,305,299.0232071,296.6050208,291.7075621,302.854218,291.7300882,297.4353388,295.6123816,300.9725551,294.0856466,293.5545918,305,291.7498843,300.0181112,305,283.339601,283.3609608,283.3856067,303.4395041,289.7662796,304.3875303,300.4823258,300.4504009,291.2426534,305,304.87153,305,293.6572241,295.6299489,296.5867787,292.6546328,289.1502837,293.6799335,291.3478861,291.8851675
NaN,NaN,305,303.4317327,300.9746363,297.0925728,300.4852009,303.7885319,304.4071514,291.2202026,296.6050208,294.1674213,305,304.3875303,293.2008222,302.9203828,283.9218712,299.0232071,305,300.9021977,299.5304944,298.5857994,298.4082522,305,288.7767004,292.20192,305,305,300.0181112,291.2276304,289.7662796,300.4690224,304.3243285,298.9884705,304.8299425,302.9338903,305,305,298.5552935,303.8956831,286.8438773,304.8948772,291.7147696,300.9725551,305,305,302.4282763,299.5071801,293.0513908,294.63784,282.9578648,294.6033004,298.9992279,293.1762544,295.1324546,293.6572241,303.4395041,300.9725551,304.4071514,NaN,NaN
NaN,NaN,305,300.9377343,302.8074867,304.2611267,303.3763024,304.8706263,298.9884705,301.366259,283.772486,300.364618,304.3844442,302.9338903,304.277691,300.9699151,299.0232071,300.0266102,304.3875303,298.9884705,297.9651476,296.0990497,300.9699151,299.5304944,299.9978582,305,291.8851675,291.8851675,305,295.5177748,288.6281049,299.0428886,297.0925728,303.3131006,304.3875303,295.0336727,305,305,303.3229894,303.4080274,280.51336,299.510527,297.9593976,302.9203828,305,303.4093689,303.8955511,304.8368199,292.0631909,300.8962146,287.808822,287.2967282,294.1488483,296.5867787,295.1324546,293.6634384,301.4575154,298.4313722,305,NaN,NaN
NaN,NaN,299.5209963,302.8871838,304.3875303,305,305,302.9439716,289.2449,282.4706178,283.4451222,301.4170484,303.4395041,305,298.5011834,294.6033004,301.3428434,303.8956831,305,304.3843566,300.4495393,296.6488327,299.4757691,298.1015321,304.3875303,302.9338903,300.4850468,290.6062174,292.1895944,293.1697983,287.9358343,283.772486,303.8394707,302.9440398,305,302.9222832,305,301.9686867,290.7552292,298.5097684,301.9686867,298.4082522,300.5230402,301.8550321,304.8706263,305,305,304.8710279,293.6826842,305,294.464857,295.6804517,294.6544622,287.8309046,292.7049896,292.7162519,305,305,305,NaN,NaN
NaN,NaN,298.4313722,305,303.3506098,305,299.4826485,305,295.1424291,296.4910732,299.9660857,284.2426893,305,296.4910732,300.9699151,303.4094984,300.5057388,294.1674213,305,297.0393913,299.9231563,297.9651476,298.5358987,304.7906108,295.4760849,294.0224448,300.0181112,297.0740417,302.3446102,289.8715862,301.4164963,301.9451268,300.364618,299.386421,295.6122868,305,305,305,297.4756609,295.1424291,300.4067294,304.8368199,301.3538467,304.7667407,299.386421,305,302.8545068,302.3647077,291.7075854,284.4196679,302.8871838,289.2449,298.5857994,301.3917277,291.8076054,289.7662796,300.0181112,282.4040933,281.9993554,NaN,NaN
286.828215,286.4260222,301.9124358,296.5823717,298.9884705,302.3650745,292.5398301,291.1076929,300.9330095,298.044544,304.3013966,290.5839123,296.0945154,298.0486016,281.318895,296.9410521,300.364618,299.9172506,298.044544,284.7464668,282.0313486,301.9226624,305,297.5617423,293.0705543,300.9114345,296.9861801,300.85375,285.3638064,285.4700603,300.9725551,290.7405023,296.0016442,304.3983505,298.5011834,300.9114345,286.8097132,299.4826485,282.761338,294.6549198,299.0428886,302.4282763,302.8706885,299.9947475,301.4599208,305,302.810235,301.9761516,299.510527,305,299.9630792,297.4756609,298.044544,303.8394707,299.4757691,293.0744187,280.8059655,294.6491815,293.1762544,283.3233912,286.8856712
286.9431273,282.4615493,299.9002066,291.1076929,298.9884705,291.3235755,291.2426534,296.0945154,298.5320784,304.3843566,300.9933772,292.0508403,299.0700839,288.9031039,298.5358987,300.4690224,295.0283185,293.7438934,294.1161165,298.044544,305,305,297.0695078,293.1760489,303.4317327,301.4248784,295.6122868,284.5421838,300.4823258,296.9805085,299.9978582,302.3998039,297.5617423,300.5322241,295.0231795,298.5358987,293.19946,292.6823833,290.2678155,305,286.8438773,304.8182126,299.5209963,301.9858641,305,299.4277779,305,305,296.6137162,302.9338903,295.0904957,281.9401722,291.2202026,294.0439899,300.4504009,286.2191378,294.5388684,287.8179672,299.8755159,284.7023383,290.9075455
287.355245,283.7830403,282.4565263,302.8706885,295.2232779,295.6024883,301.9124358,302.9203828,298.0134705,296.9805085,292.6890816,295.6804517,284.8617642,287.3230604,299.433645,301.9761516,299.5841979,292.20192,299.0428886,293.1417827,305,305,305,298.5097684,300.0387042,297.9592495,295.1424291,297.6172819,298.8889789,284.2618046,295.5177748,298.0139079,297.5266438,296.1174795,282.7827768,295.0076517,286.3469611,300.9377343,286.8097132,290.7552292,305,301.9761516,298.5358987,305,305,299.9634084,299.9630792,304.3243285,305,301.4170484,296.1174795,297.9422486,298.9441397,300.8537271,299.9978582,285.4700603,287.6722319,295.0904957,283.2872238,305,289.152755
286.8754708,305,299.4757691,303.4094984,304.7668573,299.4277779,303.8332577,298.4309726,294.6544763,299.0232071,298.1015321,288.9036769,294.2280076,295.2232779,300.9114345,305,297.0561283,297.561316,294.1506336,292.1674943,301.9472979,305,303.3437347,305,298.044544,294.63784,298.9442653,296.4910732,305,294.6029663,300.8962146,302.3647077,297.5570204,296.9861801,301.3428434,295.1250578,295.1424291,283.5383478,304.8828424,291.2667247,300.8770938,300.4690224,300.4058206,297.0561283,283.2872238,305,294.2280076,282.0039418,301.4170484,305,305,299.5071801,301.385706,305,281.9619468,302.8337963,284.8617642,305,283.3291204,285.1045312,290.9076001
291.7101813,282.3976523,294.0494243,293.7438934,295.1424291,292.5623425,299.0196238,288.7578402,299.9172506,290.7405023,291.5842664,300.9114345,303.4395041,290.2303404,305,301.0073934,303.4094984,304.87153,300.9746363,298.0324479,305,305,296.1174795,295.1250578,285.8815641,301.9686867,303.913876,300.9377343,301.9451268,301.366259,300.8770938,292.5688048,302.9338903,304.4071514,300.8962146,304.8931441,305,304.322787,298.9383115,302.3998039,302.4282763,303.3437347,300.9330095,302.3210974,290.1289762,298.5358987,295.1424291,298.5011834,304.8710279,304.8299425,299.0196238,285.8698314,290.0949502,304.7667407,305,305,286.3469611,304.8186115,294.6549198,283.3808474,286.8856712
291.7857622,285.1343994,299.4826485,300.9725551,298.5320784,294.5388684,289.7662796,301.8812638,296.0945154,283.9323899,297.1193301,304.8299425,299.510527,301.9472979,298.044544,299.0196238,287.8179672,301.8594606,303.2993798,299.0427668,300.364618,300.9699151,299.433645,296.1174795,302.9203828,291.6803671,294.0224448,300.9725551,305,293.19946,298.5097684,305,305,305,305,289.3876232,296.4910732,305,305,298.5097684,303.8819164,300.4126739,304.3983505,300.4126739,295.6122868,292.7757157,293.1924562,296.9805085,305,291.7300882,297.0925728,297.0925728,300.9114345,305,300.4823258,305,293.6799335,298.8973331,299.433645,282.0121911,287.8218746
291.8851675,282.3693727,294.9848836,300.0266102,293.5178306,293.5404458,291.8076054,291.2276304,298.0324361,298.8973331,291.7498843,294.5912605,288.3182658,295.5777025,295.6804517,305,303.8819164,305,289.2449,303.3226153,300.4495393,303.3229894,293.1924562,301.4170484,302.9449791,297.5570204,299.9172506,298.5097684,302.491478,298.50146,290.7835812,296.0072372,305,304.3875303,301.4802502,301.8319668,290.7328305,300.9725551,297.561316,304.3875303,301.9686867,303.7885319,301.8752037,295.1195663,295.6122868,305,296.4873127,304.8186115,293.1417827,297.0925728,293.1417089,299.4757691,296.0945154,304.8123227,303.8956831,305,301.8550321,293.1762544,291.2276304,284.7023383,290.4548818
291.8851675,286.4260222,290.2190531,296.0995271,298.0677091,284.5041725,298.4488515,291.2276304,287.8179672,305,303.4094984,289.2191126,294.717664,290.7835812,282.4491288,296.5521503,296.0016442,274.6195105,302.4282763,305,305,294.1506336,293.5545918,297.4699499,298.5097684,289.6281847,305,305,303.8332577,297.5266438,301.9472979,305,279.8539363,305,281.4452985,299.9172506,301.4810265,303.4094984,297.4531319,302.8337963,300.8962146,302.3998039,263.9384165,305,298.0486016,290.7328305,302.9220868,282.9363211,301.4599208,294.1674213,300.3879356,289.7662796,305,305,282.0313486,282.4565263,281.0028863,293.1417827,299.4277779,283.3634254,291.309793
287.290344,305,286.3469611,305,304.8718031,304.8718031,303.8956831,283.5383478,305,287.6722319,303.4317327,299.4826485,295.6122868,303.4294188,305,291.1128868,297.4699499,297.0561283,305,303.8621147,304.8186115,304.3013966,292.2175337,299.5543854,282.4270767,302.3998039,303.4395041,305,303.8187146,294.495859,296.4967056,289.2930196,300.9933772,304.8931441,289.2791849,299.4757691,300.9330095,299.386421,294.6033004,289.7662796,291.30477,302.3018729,287.3215245,305,302.4563578,301.4250792,300.9699151,303.7885319,294.6549198,298.5552935,305,281.9528766,305,296.0990497,288.8056375,297.9191785,284.397961,301.8999997,299.9231563,NaN,NaN
287.290344,284.6448822,287.1334551,304.3243285,303.8619785,294.717664,294.1659248,303.913876,294.1446607,305,305,297.0740417,292.7049896,298.0677091,300.9330095,287.3215245,286.4841947,295.5122214,300.8770938,302.3650745,291.7075854,305,305,300.5230402,300.9021977,300.4126739,297.5617423,299.4577945,295.2232779,299.9660857,291.6803671,292.2175337,304.3843566,292.1949789,289.7319709,295.1250578,298.4488515,301.4250792,298.044544,298.044544,283.2786359,300.9746363,290.2935421,305,300.364618,300.4823258,301.4599208,305,297.0740417,297.0695078,305,305,305,292.6890816,302.8670564,289.2449,299.0700839,297.0393913,303.8956831,NaN,NaN
289.0927833,286.4834783,301.9472079,304.3013966,303.4094984,299.9229553,305,287.9550778,289.2823143,305,299.0232071,301.4917639,300.8770938,296.4749192,289.7804123,291.7300882,295.9858232,304.3492005,294.6544622,305,299.8755159,305,301.9472979,305,295.0078168,300.9699151,282.4615493,282.8637422,296.6137162,292.1949789,304.277691,294.495859,303.8394707,300.4067294,305,299.0700839,293.0705543,303.4080274,289.2930196,286.4841947,297.0393913,296.5867787,297.0925728,290.2303404,299.9630792,299.0196238,301.9124358,301.4164963,302.4563578,294.1674213,305,305,305,299.9231563,299.386421,302.8871838,297.0740417,291.1128868,290.7328305,NaN,NaN
288.2055297,281.9749392,284.5489068,303.8969218,296.0990497,300.8537271,301.9686867,295.6122868,301.9451268,296.9642932,303.7889163,301.4170484,290.2454691,291.5842664,297.0925728,291.7300882,284.249553,305,299.8985558,298.5097684,299.0153823,288.144683,297.4699499,287.9358343,296.5521503,301.9761516,301.8594606,304.8368199,294.6549198,291.7147696,300.0387042,292.5623425,305,300.9377343,298.9205026,285.2357557,287.4519378,286.8342375,282.2938823,284.7464668,282.4491288,292.7049896,304.7668573,294.6549198,303.3745753,292.7757157,302.9203828,302.8603548,299.4277779,300.5058316,305,305,283.7748438,282.7893708,288.1391702,296.0995271,295.1195663,304.8299425,294.5388684,NaN,NaN
NaN,NaN,298.4082522,300.8770938,295.1600762,305,305,295.1250578,297.5570204,300.4058206,299.0700839,292.1949789,293.0651997,299.510527,305,305,305,299.4757691,300.8962146,295.0228047,305,301.4250792,295.4739152,303.945118,300.8537271,302.9449791,305,299.0192711,305,301.366259,303.3763024,299.9002066,305,305,304.3843566,300.0181112,297.5801356,305,303.8956831,282.9621403,302.8871838,292.6952082,295.0968744,298.5097684,296.0072372,302.8337963,293.6289438,304.3243285,296.5867787,299.0700839,303.3499096,305,282.4270767,299.4826485,293.5404458,302.3650745,295.6804517,304.277691,292.20192,NaN,NaN
NaN,NaN,298.9205026,302.854218,301.4250792,297.4531319,298.0677091,295.496734,302.810235,294.5388684,293.0705543,284.7168184,295.9629538,295.496734,282.0037914,305,293.5599862,304.3833499,302.3210974,297.4756609,298.9441397,293.1417827,297.1330488,305,305,293.6634384,303.3131006,301.4574111,302.4282763,300.9933772,305,305,299.9978582,297.0393913,305,298.5011834,288.6659377,291.7075854,282.761338,296.9410521,298.4313722,299.9947475,305,305,297.4301117,293.6572241,297.0695078,304.8706263,304.3875303,304.3833499,301.3914421,303.3434,301.4917639,300.4852009,299.9947475,297.0655058,301.9226624,295.0904957,292.6952082,NaN,NaN
NaN,NaN,300.0181112,299.5071801,305,303.8956831,286.4841947,304.3177666,305,302.3708062,297.0925728,289.7319709,297.0925728,299.5543854,305,305,305,292.5758139,299.8755159,295.0904957,295.1195663,299.4757691,302.8706885,304.3843566,305,304.3843566,305,304.8299425,301.9858641,301.9451268,296.6488327,301.4250792,302.3650745,285.3638064,282.0329318,303.3745753,305,299.510527,303.8187146,301.8319668,305,305,305,296.5820347,298.0486016,291.2276304,296.5867787,299.0232071,303.8394707,284.4157803,294.1502205,288.3681049,302.8603548,297.4699499,300.4495393,300.4495393,304.8368199,300.4690224,305,NaN,NaN
NaN,NaN,305,298.4313722,295.1250578,290.7552292,293.2597961,296.4749192,292.75841,295.1324546,299.9002066,294.1446607,293.0705543,305,284.2477596,305,305,291.6803671,293.6289438,299.0232071,296.0990497,300.5230402,295.1250578,302.9220868,300.4058206,305,289.598323,305,300.9746363,301.4802502,288.6609466,303.3499096,304.3243285,304.3875303,305,304.8948772,301.9451268,305,302.3213332,299.510527,297.4699499,300.4058206,305,305,297.5801356,297.0740417,294.1506336,304.3177666,302.854218,294.1506336,305,301.9226624,298.0324361,299.3945928,301.4802502,304.8718031,296.5505144,305,303.3499096,NaN,NaN
291.8851675,285.5641803,298.4313722,296.9861801,301.0073934,289.7319709,296.5867787,293.0705543,301.9472979,302.3446102,301.4250792,293.2597961,282.0897288,297.5801356,292.1674943,302.9220868,305,305,281.9290321,302.8706885,303.8969218,304.3843566,305,300.4495393,299.0428886,291.5842664,305,298.5358987,300.9699151,305,293.2008222,299.5304944,297.9651476,301.9686867,300.0181112,305,305,305,305,305,305,299.4826485,297.9651476,301.4164963,300.8962146,302.9440398,291.1932511,302.9220868,297.5570204,303.8121895,297.4301117,305,301.8752037,295.5122214,305,296.0945154,305,305,305,305,286.4260222
291.8851675,286.0243646,300.9725551,296.0945154,286.8097132,300.9330095,304.3013966,296.0649206,291.1128868,281.8108584,285.382825,294.0494243,301.4810265,292.1949789,297.9651476,287.8179672,296.6050208,305,305,305,305,305,297.9409528,299.9172506,282.7893708,291.2276304,298.9992279,302.4327493,300.8770938,300.4504009,292.5688048,301.9686867,297.5266438,291.7075854,289.3876232,305,305,303.913876,305,305,305,296.0945154,299.5304944,299.8755159,296.0945154,294.2280076,298.4488515,303.4395041,303.3229894,299.9231563,303.3745753,301.4917639,300.9377343,298.9884705,300.4126739,297.5617423,305,299.5304944,295.9858232,283.7845195,290.0400086
291.8851675,286.0038263,287.4494638,299.5543854,283.4349084,285.5651902,295.496734,303.4317327,283.2831734,293.5545918,298.5320784,296.6488327,299.0232071,283.7679069,296.5521503,284.7162826,305,281.9292003,303.8187146,305,296.6488327,290.7405023,301.8812638,300.9377343,295.1250578,295.6070355,290.2678155,299.433645,299.9978582,282.0019003,300.4067294,302.8870395,305,290.1289762,296.5521503,305,291.6022946,302.4282763,305,305,305,301.8554311,300.9725551,298.5857994,302.3708062,294.6033004,294.1674213,305,302.8706885,299.9002066,296.5820062,301.9451268,300.9021977,305,291.7498843,292.5811284,300.3879356,290.2533855,295.1195663,285.9663731,290.0400086
291.8851675,285.5456132,301.9226624,300.0387042,294.1674213,305,305,304.3843566,288.3050288,302.4605567,305,281.3260379,299.510527,289.6396269,296.9805085,296.6488327,297.4301117,305,303.8332577,305,301.0073934,303.8619785,305,299.0700839,297.0657101,291.7300882,291.7300882,298.0139079,299.5071801,305,297.55711,301.9124358,297.9422486,295.5777025,303.7885319,301.9226624,305,282.864756,305,282.0313486,283.7542484,292.2175337,305,296.4967056,292.6546328,297.5266438,297.561316,298.0324361,297.0695078,293.7064361,299.4757691,302.9203828,289.7804123,302.8603548,303.8332577,288.8056375,301.4164963,300.5230402,303.4294188,283.6887517,290.5054072
290.9076001,304.3013966,296.4910732,291.2276304,290.2191942,296.5823717,289.345516,291.7147916,305,298.3201631,283.3094113,289.2791849,297.9422486,301.366259,297.0695078,302.4282763,296.424111,303.3229894,297.1193301,298.5358987,297.0740417,304.3843566,301.385706,299.9634084,304.8186115,300.9114345,297.4756609,296.5820062,300.5057388,302.3647077,296.0990497,299.0428886,297.9191785,291.7300882,298.5358987,296.9861801,290.7061464,301.385706,301.4802502,292.5758139,297.4699499,293.2597961,293.0705543,299.5543854,288.2710865,299.5209963,294.9848836,300.4823358,305,296.9859816,293.6289438,298.044544,304.329038,289.8715862,302.9203828,298.0673562,304.8710279,302.4327493,297.0393913,305,289.1264601
290.9076001,300.0181112,300.4823258,297.561316,302.854218,295.4741179,284.731789,305,305,305,298.3201631,293.2597961,300.9933772,304.8828424,293.0705543,299.8755159,304.277691,297.9651476,294.6549198,294.1161165,294.6033004,295.496734,298.1015321,292.6546328,295.0228047,294.7121387,302.4327493,299.4577945,300.0266102,305,300.8537271,300.4067294,305,305,305,303.9194366,299.9231563,302.8871838,294.495859,300.364618,302.9338903,300.9330095,299.5841979,296.9929267,305,303.8969218,302.4327493,304.8118868,297.0393913,300.0266102,303.8619785,300.4504009,291.2276304,295.0283185,304.322787,303.8394707,302.4346866,301.9761516,305,305,291.752901
290.4228421,283.3291204,294.495859,299.433645,295.6804517,286.3685958,300.5322241,298.8973331,305,305,305,295.5777025,296.4519995,281.9509124,305,301.4170484,304.8710279,296.0945154,304.8828424,303.4094984,298.1015321,295.9816988,295.6299489,300.9377343,305,292.23306,299.0232071,300.5230402,299.4577945,298.0324361,301.4599208,293.028827,305,305,305,292.6823833,298.9884705,298.1015321,305,300.4823258,301.3661389,301.4575154,294.63784,301.366259,298.9884705,302.491478,300.9114345,302.4559821,305,296.0945154,298.8973331,297.5617423,296.0649206,289.7662796,305,298.0677091,294.0856466,302.4563578,305,284.6589833,289.1264601
285.9663731,302.810235,259.0718824,301.9761516,295.496734,305,270.0689852,295.6299489,281.9993554,283.3856365,305,295.1424291,291.7075854,286.8174464,305,294.5912605,299.510527,295.9858232,271.0802131,299.9630792,297.9422486,295.6024883,292.0733011,293.5178306,290.2454691,281.4532787,300.9746363,298.5320784,298.5358987,283.4235239,305,302.854218,304.3833499,267.8249958,305,305,301.9124358,280.5004634,283.0885437,294.1446607,305,304.8123227,298.9205026,299.0700839,287.3230604,305,283.9101664,305,293.1995447,300.3879356,292.23306,295.0076517,300.3879356,301.366259,293.1697983,305,305,299.0196238,295.1250578,284.2426893,291.8268982
NaN,NaN,301.366259,301.4170484,297.6172819,291.1783665,291.2202026,283.4234889,299.0232071,305,305,298.9992279,298.4082522,294.6033004,301.4917639,289.2791849,293.1697983,295.1424291,297.5490649,304.3843566,300.3426189,290.7359544,295.6024883,302.3210974,290.623485,300.364618,299.5304944,298.0486016,297.9422486,303.3745753,303.8394707,293.5599862,296.5867787,286.3750343,302.8871838,294.6544622,294.1655832,302.854218,303.4080274,301.385706,305,294.1446607,293.7435626,299.0700839,291.1932511,303.3437347,296.4967056,289.7319709,298.044544,296.4519995,305,289.6396269,288.8056375,297.4353388,302.4605567,297.0695078,305,291.2415682,301.9002163,NaN,NaN
NaN,NaN,296.9805085,301.9686867,305,294.0224448,296.9861801,289.1502837,295.6069595,303.4317327,297.0561283,305,300.0181112,298.9884705,297.5801356,298.5857994,299.9978582,289.2449,294.2280076,298.9884705,294.9704709,285.8357164,289.3876232,301.9472979,299.9002066,301.9451268,294.6033004,298.4313722,295.4739152,289.2707784,290.2190531,305,298.9441397,305,300.4495393,302.3835197,296.9640221,299.8985558,299.9002066,300.364618,305,292.20192,296.4910732,295.496734,301.4575154,297.9593976,297.0740417,296.6050208,293.1417827,295.6122868,295.4739152,296.0945154,301.8319668,299.0196238,300.5057388,296.0995271,297.9409528,299.4277363,300.4067294,NaN,NaN
NaN,NaN,299.0700839,295.1250578,302.9220868,297.0393913,292.5398301,291.7075854,291.7147696,304.7667407,294.5912605,296.0449006,292.20192,301.0073934,299.5304944,298.1015321,298.9884705,286.3227092,298.9441397,304.7668573,301.4802502,304.3833499,294.5333942,297.9593976,302.4605567,298.9441397,301.0073934,293.1697983,294.1446607,296.0649206,293.7438934,299.4577945,292.0916279,305,299.0228858,297.6172819,291.1128868,286.2140658,299.4277779,298.5857994,292.20192,290.103937,296.5521503,296.0651274,301.4917639,295.1962867,301.9124358,294.1446607,301.9472979,292.6546328,289.1391944,297.6172819,297.0740417,301.8752037,299.4757691,296.9861801,297.9422486,282.3976523,304.7667407,NaN,NaN
NaN,NaN,304.2611267,305,293.6826842,292.5688048,298.4465667,280.4972724,300.4690224,305,294.6549198,302.8337963,289.1559108,290.623485,291.6839805,293.1924562,290.7552292,289.598323,283.2717044,303.8332577,300.4690224,302.9440398,305,305,300.9699151,305,298.044544,291.1932511,295.0228047,299.5071801,295.5777025,297.0925728,305,289.8715862,300.4852009,298.4544684,289.2791849,301.38602,299.9172506,303.8187146,300.5322241,289.1502837,294.6549198,295.6024883,289.7662796,299.5209963,303.4294188,295.5777025,298.0673562,299.4277779,277.8970456,290.0949502,301.4599208,304.3983505,292.2335063,303.4084653,305,305,304.8186115,NaN,NaN
NaN,NaN,296.9805085,295.1195663,286.3568489,291.3234963,305,305,302.8706885,304.3243285,304.3875303,294.7121387,297.0695078,298.5320784,301.4575154,297.0393913,288.3182658,303.8619785,305,301.385706,301.3917277,303.3437347,305,302.810235,298.4082522,305,305,305,305,305,304.3492005,305,298.1015321,301.9451268,296.5867787,305,305,305,293.5800327,292.20192,298.9884705,299.5071801,285.8357164,297.5266438,305,301.8319668,301.8319668,301.9124358,300.5230402,288.7921013,305,303.8819164,305,298.1015321,305,304.8710279,303.8121895,289.6615247,305,NaN,NaN
NaN,NaN,297.0740417,292.6823833,293.1762544,301.385706,305,305,303.4319611,300.9725551,302.4605005,301.9686867,295.0904957,295.6804517,290.7405023,297.1330488,300.5230402,304.4071514,301.3917277,300.364618,298.9441397,295.6070355,304.3843566,297.4703563,301.8999997,301.4917639,304.3844442,305,303.4319611,282.8062861,305,282.4040933,302.9203828,287.3215245,293.7438934,305,305,305,295.9858232,300.9725551,302.4563578,293.1762544,300.9330095,290.117203,302.3650745,294.0224448,303.8819164,303.8956831,289.6615247,301.9761258,304.8118868,305,305,303.2993798,298.0134705,297.9409528,296.6137162,296.5521503,303.8969218,NaN,NaN
NaN,NaN,296.5823717,294.6544622,286.8438773,297.6172819,301.4601221,300.5322241,305,284.065126,303.3506295,300.5230402,298.5320784,301.8999997,303.3229894,304.3177666,305,305,300.4823258,300.4690224,305,303.3499096,304.8368199,303.4094984,296.1646337,300.4504009,305,304.8931441,305,305,305,283.7830403,304.3243285,305,287.3309167,305,305,302.3710358,299.0153823,305,304.7668573,296.6488327,299.0232071,296.5867787,299.9172506,305,305,301.0073934,300.0181112,301.0073763,282.9197986,305,283.3856067,295.9629538,303.8619785,299.510527,294.717664,301.4170484,300.4504009,NaN,NaN
NaN,NaN,289.2791849,286.000348,287.6502423,297.1193301,298.3833649,301.4810265,292.6952082,305,305,293.028827,291.0728815,288.7921013,300.3426189,282.5190055,305,301.4599208,305,302.4563578,304.3875303,302.3210974,305,305,305,305,304.8368199,305,304.3492005,305,304.3844442,282.3693727,286.8342375,283.2786359,288.2707918,305,305,300.9114345,297.561316,304.3875303,305,298.5857994,295.5777025,293.7064361,305,290.2303404,303.3437347,288.2078847,293.5800327,299.9634084,305,305,305,305,296.4873127,305,305,305,305,NaN,NaN
291.8851675,289.1297522,303.8394707,300.8962146,305,299.9172506,304.8299425,305,296.0649206,302.3210974,297.4531319,305,305,304.8706263,303.8619785,302.4327493,300.364618,296.9640221,303.2993798,299.9660857,285.1045312,287.3230604,283.8045876,303.4317327,291.8103839,300.9377343,304.3835405,304.3243285,301.9002163,299.4826485,301.037838,302.9439716,290.2454691,296.9805085,301.4802502,294.6321081,291.7147696,293.2597961,294.0068414,293.1924562,294.9848836,301.9124358,305,296.4967056,303.4395041,296.9805595,303.9194366,305,298.4313722,303.3437347,303.4317327,296.0994674,297.4531319,295.1324546,291.7075854,301.8812638,304.8368199,298.5552935,301.9226624,287.3552094,291.752901
291.8851675,289.0927833,305,303.3763024,305,305,301.3538467,303.4395041,298.5552935,292.2175337,285.953028,305,305,303.8621147,303.3499096,302.3210974,295.6299489,304.329038,304.3843566,305,302.8337963,300.9699151,304.277691,304.3493934,298.8889789,305,302.491478,302.4563578,304.3175716,304.3875303,301.037838,301.0073934,305,305,294.63784,290.3555659,288.7578402,290.7835812,298.5320784,304.8710279,291.6803671,303.9194366,295.5122214,294.1674213,301.8594606,301.9226624,302.4559821,303.8969218,305,301.4599208,293.7438934,302.8670564,301.3538467,296.9805085,290.8395623,292.20192,303.4294188,305,304.87153,286.8856712,290.8664689
291.8851675,289.9792153,305,302.3210974,302.8074867,298.0677091,297.9651476,301.4575154,291.1076929,292.7757157,284.2618046,305,284.6688383,282.0019003,293.1924562,300.9377343,305,299.4756316,297.5266438,296.6050208,305,302.8670564,301.9686867,301.4810265,305,302.3210974,298.8889789,289.7247265,303.3506098,305,302.9448753,298.0677091,297.0657101,297.1330488,299.0153823,293.7438934,300.9377343,292.2175337,277.8970456,298.5320784,301.9472979,284.3525785,305,289.7247265,303.3229894,305,301.8594606,283.7830403,302.4282763,302.9449791,305,300.9021977,305,292.2916522,298.0486016,300.9114345,304.3013053,305,305,305,291.752901
291.8851675,290.7284517,305,294.2120501,305,295.9858232,298.5552935,305,299.0700839,290.6062174,283.9218712,305,305,283.3634254,299.4277779,296.0016442,291.7075854,305,305,293.2008222,305,297.4301117,303.3437347,301.9451268,303.3229894,301.4170484,303.8331968,300.8962232,303.3226153,296.0018695,293.1697983,304.8182126,297.0393913,297.5570204,303.8121895,295.6070355,298.9441397,298.9992279,298.4082522,297.0393913,303.4094984,305,300.8770938,283.3808474,305,303.3745753,305,305,304.2611267,282.894219,301.8812638,303.4395041,304.3875303,293.7438934,294.1659248,301.9451268,305,302.3710358,304.8010426,285.9889444,291.752901
286.8856712,299.9002066,302.4327493,295.0904957,298.0139079,303.8956831,298.4465667,305,302.4342937,305,305,304.277691,304.8948772,304.3843566,304.3493934,303.4094984,295.1195663,299.0700839,295.5122214,298.5011834,302.9439716,303.9136247,300.4498032,299.0232071,299.433645,299.8755159,302.9222832,295.6295516,294.5912605,283.7723972,305,303.3763024,305,305,305,301.8319668,302.4605567,299.510527,304.8828424,301.4575154,301.4599208,301.4917639,301.3917277,298.4488515,297.6249441,302.4282763,295.5780416,302.6810832,305,303.249899,305,303.7889163,304.8123227,305,305,284.2473928,283.7845195,304.3875303,300.5322241,285.5807378,291.3100957
285.5641803,303.3763024,295.6070355,297.0657101,299.5071801,305,303.2993798,304.3875303,305,305,301.9472079,305,301.4802502,304.3844442,301.9124358,296.0649206,305,300.9021977,300.4067294,300.9330095,301.4167453,298.5159189,303.9136247,297.4699499,292.5758139,287.4519378,303.3745753,305,301.3914421,304.3492005,300.4504009,302.4282763,305,305,305,301.9451268,301.8319668,298.0441958,301.4250792,295.6024883,299.9172506,294.2280076,301.4917639,298.0324361,296.0990497,305,289.2930196,305,305,305,305,305,284.4157803,305,305,299.9979611,304.8013701,299.9634084,294.6544622,286.0238293,291.769442
289.1264601,305,297.9191785,299.8755159,298.8973331,302.9338903,305,303.4094984,305,282.864756,305,301.037838,298.5855026,305,NaN,NaN,NaN,299.4577945,299.9172506,293.6572241,302.4605005,305,303.8187146,299.8755159,302.4346866,289.3344874,305,305,294.1488483,303.8621147,304.3875303,302.4282763,305,305,282.0317234,301.4802502,294.1161165,299.5543854,300.4504009,302.9449791,300.0387042,298.8973331,296.0016442,302.4605567,298.9521805,301.4167453,303.3506098,305,302.6178816,305,303.8341799,303.8332577,282.3976523,305,305,281.9749392,302.854218,305,304.8299425,287.8049693,291.3528153
286.4322867,305,297.5570204,292.23306,295.5777025,300.9746363,290.7405023,299.8987843,305,305,304.4070363,298.5857994,290.7405023,301.9472979,NaN,NaN,NaN,296.5867787,298.0677091,289.2449,283.3341564,303.4080274,283.6885887,293.6826842,301.9451268,297.5490649,285.9326221,300.8770938,304.3013966,302.9203828,301.4575154,293.6432343,303.8955511,305,300.9746363,278.3862517,303.3229894,292.6823833,305,305,298.9205026,301.8554311,299.5071801,299.8987843,300.9746363,297.0740417,300.4823258,304.8013701,305,305,290.7405023,305,282.8880615,302.3835197,305,294.5280588,300.4690224,305,302.8603548,284.6448822,291.7857622
NaN,NaN,301.4164963,295.5777025,302.3647077,302.3650745,295.0968744,296.6137162,303.4317327,297.4756609,304.3875303,305,305,303.3763024,300.9377343,302.3650745,301.4802502,304.8013701,300.4823258,302.4282763,301.4601221,300.9703253,298.5855026,305,305,300.9933772,305,301.9688963,302.9338903,305,305,300.4498032,289.2707784,299.0785841,300.9114345,296.1646337,305,302.4282763,295.9856032,295.1424291,298.5857994,305,304.3835405,304.8010426,305,304.3833499,304.8299425,303.913876,304.8299425,297.561316,300.0181112,305,303.3437347,303.945118,287.3215245,300.8962146,300.9699151,295.0336727,303.3131006,NaN,NaN
NaN,NaN,293.5800327,299.0153823,299.8755159,298.0324361,302.854218,305,290.2303404,295.496734,296.1174795,301.4802502,304.8828424,297.1193301,299.3945928,295.0904957,305,305,304.8123227,300.9721326,301.0073763,298.5358,298.5159189,304.7906108,302.4346866,298.0486016,304.322787,304.7668573,305,305,286.8439337,305,300.4852009,296.6050208,298.8973331,303.3763024,293.1762544,301.8594606,298.4465667,294.5333942,301.9761516,305,300.9332742,282.0547263,296.0995271,301.4810265,300.9377343,303.8332577,305,305,295.1195663,304.8931441,304.8186115,303.3763024,298.5358987,291.3235755,289.7662796,299.0785841,302.3018729,NaN,NaN
NaN,NaN,305,301.385706,301.385706,296.4873127,301.3538467,298.5011834,299.40964,297.0740417,299.9947475,297.5490649,301.4802502,301.8594606,303.8394707,305,305,304.8186115,301.3428434,298.5857994,302.9204758,300.9721326,302.9204758,301.8554311,296.0945154,301.8319668,302.9220868,302.3835197,305,305,305,281.9980407,303.8394707,303.3131006,295.1195663,304.3843566,298.8973331,305,296.5867787,293.5168309,295.1252958,305,293.5546926,282.0593565,304.8828424,301.3428434,305,282.4615493,303.945118,NaN,291.8076054,305,294.1659248,299.0153823,298.4488515,303.8969218,297.9592495,297.4985405,301.9686867,NaN,NaN
NaN,NaN,300.5230402,298.9441397,302.810235,301.4164963,305,304.277691,297.0657101,297.0695078,295.4739152,302.3210974,303.8332577,305,304.8299425,302.4324863,300.9114345,301.8999997,300.9933772,302.8670564,300.3648568,303.9190468,299.0698774,292.2916522,294.5333826,294.1161165,302.8671584,296.0016442,305,299.8985558,305,283.3233912,303.3745753,289.7879282,298.5358987,298.0041544,293.2597961,301.4250792,297.9194874,297.0695078,293.6634384,305,299.9229553,305,295.1195663,301.8319668,294.0065347,NaN,NaN,NaN,305,296.5521503,304.8368199,305,285.0477977,302.4605567,299.0428886,303.945118,301.4248784,NaN,NaN
NaN,NaN,305,304.8948772,305,282.4615493,305,295.1424658,302.8871838,304.8186115,301.4250792,299.9978582,305,305,295.5177748,297.0695078,301.4802502,305,305,305,295.9630111,302.9439716,304.7667026,303.4317327,305,301.4917639,301.9688963,304.3013053,282.4194861,305,298.0041544,281.9528766,298.5556811,304.3875303,302.9222832,297.4699499,302.8074867,305,300.9114345,298.4488515,305,303.3745753,305,305,302.8337963,301.9472979,304.7667407,303.3745753,305,291.7300882,299.5071801,300.9933772,299.8987843,298.5857994,296.4910732,301.4575154,304.322787,301.9226624,305,NaN,NaN
NaN,NaN,305,305,303.8973584,305,305,282.4197567,305,305,305,305,305,305,289.8715862,297.0695078,299.9978582,282.8943311,282.4433105,305,301.8315363,304.3844442,305,304.3013053,290.6183315,305,304.87153,283.7255841,305,301.3538467,298.8889789,303.8124121,301.4248784,300.9025489,299.9634084,295.6070355,301.4170484,300.9025489,305,303.3499096,303.7885319,305,305,304.3875303,301.4802502,300.9377343,305,295.5122214,303.8619785,294.1674213,305,301.037838,303.8187146,303.8187146,301.4802502,301.4250792,303.4317327,303.8394707,303.4084653,NaN,NaN
NaN,NaN,304.8950258,282.0550821,305,282.8088919,293.1760489,301.9472079,300.4126739,302.3708062,300.9725551,300.9746363,304.7667407,304.3983505,287.3309167,300.4852009,293.6289438,304.83719,305,282.9181555,299.4756316,301.3426432,302.4605005,288.1765658,294.4954279,296.6050208,303.8332577,305,296.424111,291.2430684,305,305,305,304.8832779,305,302.9440398,299.4277363,300.5322241,305,291.7300882,288.7834489,305,302.8706885,282.9211984,303.4317327,305,305,300.4126739,305,303.3437347,298.9521805,303.7889163,304.8828424,300.9330095,305,305,305,305,305,NaN,NaN
NaN,NaN,305,305,284.6448822,282.442489,281.9978511,281.9290321,305,301.0073934,305,305,305,281.9528766,302.8603548,296.1646337,302.3446102,305,284.6934842,286.8754708,304.3492005,299.0228858,302.4605005,303.2991195,305,300.9377343,305,305,304.8299425,299.4828611,305,305,305,305,305,302.4563578,305,299.0700839,297.6172819,298.0677091,305,282.0121911,304.3875303,304.2611267,303.4294188,301.8812638,305,305,303.3745753,305,305,305,300.9330095,282.4615493,305,305,305,305,298.5320784,NaN,NaN
291.752901,305,303.8341799,301.8319668,305,283.6885887,298.1015321,296.5521503,282.032545,285.1346464,284.622011,295.0076517,289.6396269,301.4599208,298.8889789,304.3243285,302.8706885,296.0995271,296.0016442,299.4757691,304.3833499,300.9377343,298.4465667,305,292.1895944,305,298.0324361,302.4327493,297.9593976,282.0329318,305,283.3094113,301.4802502,305,305,304.3013966,300.8770938,303.8121895,300.0181112,305,300.9377343,304.3843566,301.9761516,301.8752037,303.8332577,300.5057388,301.4810265,301.9226624,284.7023383,287.7022707,301.4917639,305,305,302.8871838,293.0513908,303.3437347,291.7498843,300.5230402,289.2930196,284.6448822,291.8851675
291.3100957,288.2424986,297.5490649,296.4910732,302.9203828,297.4756609,300.9933772,296.9410521,284.6441923,283.7782986,305,298.0486016,300.4058206,305,299.5209963,299.9002066,304.8299425,304.3843566,293.6289438,303.4080274,294.0856466,303.8187146,303.8394707,282.3976523,302.3210974,303.2993798,301.4599208,299.9634084,301.3428434,305,305,299.0196238,305,302.4324863,305,291.7147696,299.9630792,293.6799335,301.8752037,300.9332742,298.5097684,302.3835197,296.676918,305,294.1161165,302.4605567,302.4563578,298.5358987,305,302.9220868,300.0387042,303.3763024,303.913876,301.8554311,296.0072372,300.4852009,295.5777025,295.0228047,294.6033004,305,288.6668112
291.8851675,283.3233912,297.0925728,291.7147696,290.2190531,302.810235,292.2527961,294.6549198,282.4983531,305,284.7023383,294.63784,297.4699499,299.4826485,305,305,298.5729702,303.3763024,301.9124358,299.9947475,305,301.9128679,301.0073934,301.8999997,299.386421,298.5097684,291.2276304,289.7800037,297.4985405,301.9124358,305,305,302.8545068,301.4574111,292.6826374,301.8752037,302.4563578,304.3013966,302.3647077,297.0561283,303.3506098,305,303.4317327,302.8706885,303.3499096,296.9861801,301.385706,299.0700839,300.4067294,293.6572241,305,303.945118,304.277691,298.4488515,299.9660857,297.0393913,303.4294188,290.8395623,298.8889789,305,290.850144
291.8851675,287.7475131,290.7835812,291.1128868,292.20192,303.8969218,298.5321853,292.2916522,305,305,282.8861158,294.7121387,289.598323,296.0072372,291.6839805,281.9528766,299.0785841,298.4313722,296.9805085,299.4756316,305,305,303.8341005,290.7552292,296.1174795,299.0196238,300.9725551,304.7667026,305,298.7562552,267.3514653,269.5633714,293.264024,293.2008222,284.2893768,298.9521805,300.4495393,299.0428886,302.8603548,299.4756316,301.9858641,301.9124358,300.4126739,297.5266438,304.329038,296.0945154,292.5623425,291.6207787,302.4346866,304.8828424,298.4465667,302.8706885,302.4327493,287.6390691,297.6172819,303.3745753,298.5011834,293.6289438,298.5320784,305,288.2383909
288.6491565,285.5641803,301.4575154,298.4082522,300.9699151,299.433645,301.3917277,297.9592495,301.8319668,295.1962867,300.9725551,305,305,305,303.3745753,303.4294188,300.3648568,305,304.3983505,305,301.0073934,299.0232071,296.5521503,296.9640221,296.5867787,295.1424291,300.9725551,291.6022946,305,289.7319709,291.8076054,277.894007,272.9130636,298.2569615,305,297.5570204,284.8617642,296.1646337,305,305,305,304.8931441,305,305,299.4277779,298.8973331,293.5545918,302.9220868,290.2533855,304.8186115,295.6299489,303.8969218,303.4080274,305,305,305,300.4823258,294.6491815,295.5122214,304.8299425,289.1264601
290.4228421,283.3808474,299.9660857,305,302.3708062,302.9449791,303.8619785,299.9630792,298.5011834,303.4084653,301.4164963,305,305,303.3131006,305,303.8619785,298.5857994,303.913876,301.9686867,305,299.9978582,297.9191785,295.496734,291.6022946,295.1424291,299.4826485,297.5616284,298.5857994,293.6826842,302.854218,281.2947985,292.1674943,302.4605567,298.5320784,296.5867787,288.2961302,293.028827,297.9422486,302.4282763,296.0995271,290.4548818,291.8851675,305,285.0886406,291.3100957,288.2424985,290.0170057,296.6488327,298.9383115,297.9593976,293.7438934,296.424111,290.3555659,282.0547263,282.3976523,285.9663731,294.0439899,303.8187146,296.9805085,304.3875303,285.5641803
290.8664689,282.8637422,304.8013701,304.7906108,299.9947475,295.1600762,303.8332577,298.9379395,305,299.9660857,296.1646337,305,305,305,302.4563578,301.3428434,297.0561283,304.3492005,300.9721326,301.4248784,297.5266438,300.4126739,302.4327493,292.20192,293.1417827,292.6823833,300.4507068,300.5057388,305,305,304.7906108,300.0181112,296.5521503,295.6122868,294.0068414,296.1174795,296.9410521,297.0740417,296.5867787,293.028827,289.126466,286.4322867,285.1619874,289.5150503,291.8851675,290.4548818,291.8851675,298.5358987,301.8319668,281.9528765,305,301.8594606,301.4575154,305,282.3693727,305,303.3763024,299.5071801,293.1924562,284.2155474,286.9431273
283.3808474,297.0695078,299.0232071,295.1195663,303.4094984,293.1995447,296.9929267,298.9205026,300.4852009,304.7668573,305,305,272.9762653,305,283.7723972,305,303.8187146,300.9933772,298.8889789,305,289.6281953,284.7464668,305,297.4531319,301.4575154,290.2533855,286.3750343,282.772535,294.6318842,295.0968744,305,303.4080274,303.8619785,268.6032334,271.0802131,304.3013966,303.3437347,298.5320784,298.044544,289.2707784,290.9042594,290.0170057,286.0243646,290.9076001,288.2071621,289.5684497,289.5684497,301.4164963,293.1697983,304.277691,301.4599208,293.1697983,281.318895,283.7542484,281.318895,271.0802131,298.0324361,299.9947475,301.8594606,282.0593565,287.2081135
NaN,NaN,297.6172819,305,305,282.8637422,305,293.6432343,285.1598518,298.5011834,300.4504009,302.4327493,305,305,300.5057388,304.8718031,298.5729702,296.0994674,302.854218,305,305,294.1673905,304.8118868,304.3177666,305,300.4690224,296.9861801,305,299.5543854,305,295.9858232,299.0232071,305,290.7328305,299.0153823,292.1949789,295.0228047,294.6033004,297.0740417,296.6488327,300.9330095,305,300.9699151,305,300.4823258,295.1324546,304.4071514,302.3835197,294.5185763,301.4250792,301.9451268,302.3210974,299.9630792,292.6320066,299.4577945,303.3745753,304.3983505,299.433645,303.4080274,NaN,NaN
NaN,NaN,298.5320784,299.510527,302.854218,282.0019003,305,305,303.913876,304.8368199,298.0139079,305,304.3875303,283.3233912,301.8999997,296.4749192,301.4917639,302.3999537,299.0232071,304.8010426,300.4850468,303.3499096,300.9703253,302.810235,305,295.0968744,282.4490775,301.3428434,301.037838,303.3499096,291.3235755,303.8187146,295.4760849,303.4080274,301.4810265,303.2993798,283.3341565,292.1674943,299.0232071,291.2202026,293.0705543,298.5320784,299.5071801,300.9021977,297.4985405,299.9231563,298.8973331,296.9805085,297.4756609,301.9454005,302.4346866,293.1697983,290.7405023,300.4823258,305,303.8956831,296.9410521,298.5358987,300.9021977,NaN,NaN
NaN,NaN,297.0561283,298.9383115,300.4852009,304.3243285,282.4615493,305,297.5570204,305,300.4126739,298.5729702,301.3428434,305,297.0657101,296.9805085,301.4164963,305,305,305,305,300.0178421,292.2018774,304.322787,301.4250792,305,301.4917639,302.3647077,303.7885319,304.329038,305,297.5801356,298.9383115,305,300.0181112,296.0072372,298.0324361,285.1022927,299.5304944,304.8186115,305,302.854218,297.4756609,300.4850468,297.0740417,300.0181112,294.1674213,294.0224448,300.0387042,304.3243285,293.1697983,301.3917277,297.4301117,294.1161165,289.1559108,281.9740855,298.5358987,290.1340892,303.4094984,NaN,NaN
NaN,NaN,304.329038,300.4852009,295.6122868,298.0486016,305,305,300.4690224,296.9410521,300.9725551,305,299.0700839,302.9203828,298.4488515,303.4294188,304.8186115,296.0649206,298.9442653,295.9816988,305,300.9021977,303.8819164,303.4294188,301.9226624,299.0153823,296.5867787,304.3983505,296.0016442,293.6432343,293.6289438,305,305,304.7906108,305,295.5777025,297.5801356,294.5333942,300.4126739,298.5358987,300.4823258,293.6432343,305,304.7668573,302.8706885,305,305,299.5071801,305,302.8670564,305,294.1674213,304.7906108,282.9621403,301.8752037,304.3843566,302.9338903,302.8871838,305,NaN,NaN
NaN,NaN,296.6050208,296.0995271,302.4346866,305,297.561316,302.4282763,297.0695078,293.5800327,299.5304944,297.9191785,299.9978582,297.0657101,301.3917277,298.5857994,301.4250792,294.5280588,301.9226624,303.4080274,302.9203828,299.9978582,297.0561283,296.4519995,290.623485,298.8973331,304.83719,305,303.8331968,290.7328305,305,284.1990921,305,305,305,289.7581184,296.5521503,288.9036769,303.4080274,293.0705543,295.1195663,300.4852009,301.4802502,302.9338903,295.6299489,304.8710279,303.3506098,302.4282763,297.0736389,295.6024883,290.2190531,304.3843566,292.6546328,304.4071514,297.0925728,305,282.8880615,305,305,NaN,NaN
NaN,NaN,303.2993798,305,298.5552935,305,303.8341799,297.4531319,302.8603548,305,300.9746363,303.8394707,302.3835197,302.854218,295.4739152,304.3983505,282.3045655,301.3917277,305,304.277691,299.0153823,298.5857994,295.1962867,298.5552935,297.0740417,290.5839123,302.8870395,302.854218,300.4852009,305,296.5521503,305,300.9933772,303.8394707,303.8619785,289.1502837,291.2202026,290.2533855,297.1193301,301.4599208,302.3210974,304.3875303,302.9338903,293.2008222,291.2415682,301.8554311,302.3708062,300.4127521,299.5072605,296.0945154,294.1161165,296.0649206,297.5490649,289.6396269,300.4852009,303.3229894,303.3437347,303.8394707,296.1646337,NaN,NaN
NaN,NaN,305,303.8121895,305,304.8299425,302.3446102,298.8973331,305,305,305,297.4985405,296.1081023,300.4126739,305,281.9740855,303.8819164,305,302.9220868,300.5230402,302.8670564,305,301.9686867,295.9858232,294.0068414,295.1424291,305,305,305,296.9410521,298.5158238,305,293.1697983,305,298.044544,298.9884705,299.5209963,301.8812638,303.2993798,297.6172819,302.3708062,305,305,305,297.561316,301.3917277,295.0968744,296.0994674,284.5042953,300.4690224,301.4575154,299.5304944,296.0016442,294.1446607,304.3177666,303.4080274,295.0336727,290.2454691,296.0016442,NaN,NaN
NaN,NaN,298.5097684,301.4170484,305,301.3538467,298.4488515,304.3843566,305,302.9338903,300.4058206,297.0691205,302.4327493,301.4574111,297.4531319,303.3763024,305,301.4575154,282.0329318,305,305,298.9884705,290.7359544,293.19946,298.9441397,303.3499096,302.9222832,302.4282763,282.3976523,305,303.8121895,302.3647077,301.4599208,305,297.0925728,299.9947475,302.9203828,296.5820062,303.8394707,299.9002066,305,304.8931441,305,305,296.0072372,299.5071801,299.5209963,291.6839805,293.5546926,291.0948642,298.9205026,282.772535,299.4757691,305,305,303.3437347,296.6050208,302.854218,303.8121895,NaN,NaN
291.8851675,290.4548818,305,297.0657101,305,305,299.8755159,302.3210974,298.0139079,297.5266438,305,297.561316,303.3437347,300.9021977,304.3177666,295.9629538,296.9410521,305,305,282.4615493,296.5823717,298.5857994,298.0324361,282.3301229,296.4873127,305,296.1174795,300.9699151,299.9231563,305,292.0508403,293.0744187,301.4170484,293.6634384,304.3833499,305,305,300.0181112,282.8880615,293.0705543,291.7498843,301.385706,297.5801356,303.8187146,295.0336727,305,299.510527,290.7405023,293.1762544,296.0649206,295.1324546,301.3428434,304.8123227,298.0324361,297.9191785,305,289.7581184,300.0181112,297.0695078,290.0120765,291.8851675
291.8851675,290.8985086,304.8718031,297.0695078,298.5857994,299.4757691,305,299.0232071,300.4504009,287.1613213,295.1250578,301.037838,298.4546406,305,293.1924562,295.1195663,291.8851675,305,286.4555607,295.5780416,302.3835197,289.6059949,303.3506098,305,305,300.9725551,297.0740417,297.0695078,292.1949789,294.1506336,292.5398301,298.1015321,282.0019003,305,304.8828424,292.6823833,299.0428886,298.5011834,303.8969218,301.4599208,293.0705543,295.14,303.74,301.15,295.77,296.82,291.43,292.37,302.69,302.2,301.65,297.84,290.27,297.32,292.47,303.25,300.52,302.854218,295.1250578,290.7284516,289.5717359
291.8851675,290.8985086,305,282.0329318,305,305,300.4504009,302.4282763,296.9805085,291.3235755,300.4852009,301.8752037,295.6122868,301.4250792,295.5777025,291.8851675,297.4531319,286.3750343,303.8969218,299.40964,293.1924562,293.5178306,302.9203828,288.1768679,282.4615493,305,300.4823258,303.4294188,297.5801356,291.3235755,304.3843566,288.9036769,305,303.8394707,303.8619785,305,300.9933772,297.1330488,301.4575154,297.6172819,301.4599208,305,305,305,305,305,305,297.6172819,297.84,290.27,297.32,292.47,290.24,301.4599208,237.72,279.47,285.99,282.65,301.9124358,291.8145158,291.8851675
291.8851675,291.7119859,305,298.9383115,303.4294188,304.322787,300.9699151,296.4967056,289.2930196,291.2426534,289.1502837,305,295.6070355,299.0232071,305,305,295.6122868,305,305,305,295.0904957,276.6185661,295.1250578,302.3650745,303.7885319,299.5304944,299.4757691,292.1674943,300.9746363,297.0740417,303.8394707,303.3499096,303.3437347,282.8858546,304.3493934,300.364618,300.4504009,305,305,299.9002066,297.6172819,297.84,290.27,297.32,292.47,292.42,299.44,299.9002066,305,291.39,303.25,305,300.49,297.6172819,249.68,250.17,299.51,298.5320784,301.3917277,291.7857622,291.8851675
284.2473928,285.096856,298.9884705,297.6172819,295.0904957,305,297.561316,282.8645808,290.1289762,302.9203828,305,304.8948772,302.9338903,305,305,290.3555659,289.6059949,302.3210974,303.3499096,292.6546328,302.854218,301.385706,289.2791849,300.0387042,302.3018729,300.9699151,302.3210974,295.6070355,295.0904957,300.0387042,300.5322241,294.63784,301.4917639,300.0387042,291.8851675,282.8880615,291.2202026,290.2533855,302.4327493,305,299.9002066,305,291.39,303.25,305,240,299.47,305,305,305,302.69,299.9002066,304.85,299.9002066,249.68,250.17,305,301.385706,305,291.370889,291.8851675
285.137111,283.3808474,298.4546406,300.8962146,299.9630792,301.4164963,302.4605567,305,298.4313722,301.3428434,305,293.6799335,298.5320784,286.0244997,299.5543854,299.510527,291.7300882,298.9884705,303.4080274,290.2533855,293.1417827,294.1674213,297.0740417,301.4599208,303.2993798,297.0740417,284.6216311,302.854218,293.5178306,305,285.5641803,302.8706885,291.8851675,290.850144,284.176822,305,299.5209963,301.8812638,291.2202026,290.2533855,302.4327493,291.92,278.4,240,240,225,260,250.4,258.84,254.51,270.22,259.39,291.92,237.72,279.47,285.99,282.65,296.0072372,300.4852009,289.9825015,291.8851675
286.4647053,305,302.8603548,291.8851675,297.4301117,305,297.5570204,305,298.5158238,293.6799335,305,300.4507068,300.0181112,298.0486016,288.9036769,296.6488327,285.0477977,299.9634084,301.9686867,302.9449791,291.7147696,289.2930196,297.5801356,305,295.9629538,305,290.7284517,296.0449006,302.9220868,305,299.9630792,282.49859,302.9338903,286.4260222,289.1264601,293.6287947,302.9203828,291.2202026,299.5209963,301.8812638,290.1340892,305,246.744,264.984,287.58,266.208,288.54,295.332,237.72,279.47,285.99,282.65,249.68,250.17,289.26,296.19,298.4488515,299.9660857,297.0393913,289.1264601,291.8851675
286.9075105,285.1132866,304.3983505,299.4277779,299.4277779,294.6321081,301.4575154,296.5820062,297.6172819,293.6572241,291.2202026,287.8309046,284.5489068,299.9630792,282.0141142,303.3229894,302.810235,302.4563578,276.4294627,275.94028,299.0428886,293.0705543,301.3917277,305,291.6803671,287.8286743,285.5456132,285.5777355,299.5071801,283.7723972,305,276.1165715,305,281.9509124,305,276.1162984,305,299.5209963,302.9203828,291.2202026,290.2533855,294.372,238.512,234.66,242.964,229.116,255.888,267.72,203.03,220.24,297.31,289.23,305,295.14,301.11,302.2,287.6390691,297.6172819,303.3745753,286.4834783,291.8851675
NaN,NaN,302.3998039,300.0181112,301.9472979,304.7668573,305,304.3243285,285.032704,294.0439899,295.1250578,305,282.9178808,305,301.4599208,305,282.4615493,305,303.3763024,305,302.9203828,305,302.4563578,304.8186115,299.0153823,305,291.3478861,290.4277713,291.8851675,291.8851675,290.4228421,291.7101813,291.8851675,286.0210825,305,289.5732685,305,302.9203828,302.9203828,291.2202026,294.372,278.364,204,198.9,229.116,255.888,259.128,277.2,212.85,242.05,300.73,305,300.59,302.69,305,305,267.66,265.9,305,NaN,NaN
NaN,NaN,281.9749392,296.9410521,298.5552935,305,305,299.510527,294.1446607,298.044544,301.366259,305,282.4615493,284.1852332,305,285.5067241,305,305,305,283.7723972,303.8969218,302.9220868,287.7945789,301.4575154,282.4429533,305,291.8851675,291.8851675,291.8851675,291.8851675,291.8851675,287.8049693,287.3453202,291.309793,289.5861091,288.6491634,284.6910741,305,240,225.588,220.344,179.184,161.136,174.012,212.58,220.992,191.352,200.976,207.98,200.02,219.19,226.11,219.19,221.86,246.11,238.07,267.66,265.9,285.9663731,NaN,NaN
NaN,NaN,305,304.4071514,295.1962867,305,296.6050208,304.3492005,291.2426534,292.0917085,301.8319668,284.2473928,282.4615493,305,300.9114345,304.8299425,282.0019003,289.5861091,287.3009274,305,305,290.4047625,288.2424015,284.7023383,283.3338502,305,290.9076001,291.8851675,291.8851675,291.8851675,291.8851675,291.7857622,290.9076001,289.9461767,284.6448822,291.8851675,289.069004,290.850144,225,215.184,202.32,169.968,161.784,159.456,221.568,203.1,209.388,305,272.48,305,281.22,257.79,277.33,268.59,280.52,244.78,300.4852009,302.3708062,305,NaN,NaN
NaN,NaN,301.4810265,299.9630792,299.0700839,303.3745753,303.8956831,300.9725551,295.496734,296.1174795,298.5320784,305,285.5109077,305,300.4690224,302.9338903,304.3243285,289.0700922,282.0313486,281.9978511,305,289.1248157,287.313181,301.8554311,282.0550821,286.4234085,291.8851675,285.9889444,291.8851675,291.8851675,291.8851675,291.8851675,285.1343994,291.8851675,305,305,289.069004,291.8851675,277.79,217.164,207.468,168.024,188.064,184.632,195.276,201.036,277.872,277.872,262.06,305,305,305,277.86,281.57,301.8554311,296.0072372,296.0072372,304.8832779,305,NaN,NaN
289.5861091,286.8754708,299.9947475,304.8931441,302.9338903,285.1136906,304.7668573,300.4495393,302.8706885,305,305,305,288.2646182,299.0232071,289.152755,300.9699151,301.4917639,286.87564,305,282.5190055,288.6668112,305,305,287.7988718,287.7947641,291.3421354,291.3421354,285.9561775,290.0170057,291.8851675,290.4479511,291.3672491,291.8851675,291.8851675,288.6668112,287.4027763,305,285.6216364,252.55,230,250,294.372,240,250,280,290,265,300.48,258.84,254.51,270.22,259.39,284.5042953,300.4690224,301.4575154,299.5304944,296.0016442,294.1446607,303.8121895,286.0238293,289.5861092
290.0172777,287.3511373,305,295.6070355,302.3998039,288.1826115,298.9884705,304.3493934,295.1195663,302.3998039,305,303.9194366,283.3633613,298.9992279,298.0677091,298.0677091,302.4346866,283.829175,284.7023383,283.7848708,286.4555607,290.4479511,289.1297522,287.7947641,289.5684498,290.4548818,288.6813924,287.8218746,291.8851675,289.9883021,289.5733789,289.5150502,291.8851675,291.8145158,291.752901,286.4834783,303.3131006,287.8049693,279.75,252.55,291.2415682,267.66,302.3708062,301.8554311,302.3708062,267.66,265.9,259.39,267.14,269.24,269.82,265.52,289.1297522,305,305,282.3693727,305,305,286.9116182,281.9993555,291.3672491
287.8049693,286.4644402,298.9992279,304.4071514,299.9978582,291.8851675,281.9528766,297.561316,302.3647077,305,305,301.4250792,295.5122214,305,302.9203828,299.9978582,301.385706,287.3462081,291.8851675,291.8851675,283.3611629,305,285.0886407,291.3100957,288.2424986,290.0170057,289.1297522,288.609355,288.2424986,290.9076001,291.8851675,290.8500383,291.8851675,291.8851675,291.8851675,290.4479511,289.5861092,289.069004,290.7284516,279.75,297.561316,301.3917277,295.0968744,296.0994674,284.5042953,301.8554311,302.3708062,296.0994674,284.5042953,300.4690224,301.4575154,299.5304944,291.8851675,290.4548818,291.8851675,305,282.3976523,285.9663731,291.8851675,285.1045312,290.8985086
290.8664689,290.4479511,289.5359913,297.6172819,301.9124358,297.4699499,300.9933772,301.4575154,302.810235,305,305,301.9226624,305,289.4083269,297.0740417,297.5570204,301.9124358,291.752901,305,291.8851675,305,305,289.5150502,291.8851675,290.4548818,291.8851675,305,284.7023383,286.0210785,287.7627244,291.8851675,288.6491565,291.8851675,291.8851675,291.8851675,291.3672491,290.5054072,286.4834783,291.8851675,287.313181,301.8554311,282.0550821,286.4234085,291.8851675,262.8,289.5684497,290.4548818,288.6813925,289.1297522,287.7947641,289.5684497,296.0994674,289.1297522,287.7947641,289.5684497,290.4548818,282.3693727,305,282.9211984,286.4834783,290.4479511
NaN,NaN,305,288.8056375,302.3210974,289.6396269,295.6804517,298.5857994,305,298.0677091,305,304.4071514,297.5266438,282.9178808,282.4763979,289.9792153,283.8044559,285.448226,283.8044559,287.6481247,286.9431273,290.0120766,289.9883021,286.8856712,285.5777355,284.7023383,289.0643612,289.0925718,290.4228635,287.3511884,288.0880507,287.7577952,289.1297522,286.9431273,291.3478861,288.1826115,291.7915129,291.7119859,291.8851675,305,287.7988717,287.7947641,291.3421354,291.3421354,287.313181,288.2424985,290.0170057,289.1297522,285.0886406,291.3100957,288.2424985,290.0170057,285.0886406,291.3100957,288.2424985,290.0170057,282.3693727,305,305,NaN,NaN
NaN,NaN,295.6299489,296.6137162,301.4810265,299.0196238,295.6122868,282.9178808,299.40964,305,301.9472979,300.9021977,305,285.1198589,282.4615493,291.8851675,289.9308459,291.7915129,283.3808474,290.0120766,289.1264601,289.124823,289.1248157,286.0238293,289.069004,287.3453202,287.8214824,291.3100957,286.4834783,288.2646182,289.9792153,286.8856712,290.9076001,291.8851675,288.6861254,291.769442,289.1297522,291.3421354,291.3100957,289.1297522,287.7947641,289.5684497,290.4548818,288.6813925,305,290.4548818,291.8851675,305,289.5150503,291.8851675,290.4548818,291.8851675,291.8851675,305,291.8851675,290.8722196,288.6253321,288.2301756,289.124823,NaN,NaN
NaN,NaN,280.9396846,305,301.3428434,293.0513908,290.3004539,301.385706,302.3998039,297.9651476,301.8554311,299.9947475,282.4763979,288.6668112,283.3611629,284.7023383,289.124823,288.6811962,289.9883021,290.4548818,288.6475134,285.5641803,290.850144,286.8856712,289.069004,289.0640297,282.9211984,284.2728603,282.8062861,289.9883021,289.9883021,290.2889325,286.0244997,288.2379802,286.8856712,291.2690191,291.8851675,286.9078089,291.7857622,285.0886406,291.3100957,288.2424985,290.0170057,289.1297522,289.1297522,287.7947641,289.5684497,290.4548818,288.6813925,289.1297522,287.7947641,289.5684497,289.1297522,287.7947641,289.5684497,290.4548818,282.3693727,305,282.9211984,NaN,NaN
NaN,NaN,303.8187146,301.9451268,296.5867787,295.9629538,295.0283185,299.5543854,295.6122868,296.0995271,304.8013701,298.5552935,301.9686867,284.2503659,287.3453202,284.5874261,289.126813,287.3010239,289.9883021,288.6668112,286.4834783,286.4679914,290.9076001,286.8856712,287.3453202,286.4260222,282.5190055,286.9078089,287.7945789,287.3511884,289.9883021,289.1264601,288.2071621,291.7915129,290.9042593,291.769442,291.8851675,290.9042302,291.3100957,289.5150503,291.8851675,290.4548818,291.8851675,305,285.0886406,291.3100957,288.2424985,290.0170057,289.1297522,285.0886406,291.3100957,288.2424985,285.0886406,291.3100957,288.2424985,290.0170057,282.3693727,305,305,NaN,NaN
NaN,NaN,286.9078089,285.5774517,286.9075105,285.5774517,289.5684498,287.7627244,287.355245,289.1297522,291.769442,289.1297522,290.4606325,290.8500383,291.370889,291.3100957,290.0120766,288.7091282,286.4260222,291.7857622,290.4479511,291.8851675,284.6441923,291.8851675,284.7023383,286.8601099,288.6746239,283.3233912,287.7988718,289.5355885,289.9883021,289.9826578,286.4556684,286.4834783,291.8851675,291.8851675,291.8851675,305,282.4745287,305,287.7475131,289.126466,286.4322867,285.1619874,289.5150503,291.8851675,290.4548818,291.8851675,305,289.5150503,291.8851675,290.4548818,291.8851675,305,291.8851675,290.8722196,288.6253321,288.2301756,289.124823,NaN,NaN
NaN,NaN,287.3453202,288.2424986,286.8754708,288.6811962,291.7857622,291.8851675,291.8851675,291.8851675,291.8851675,291.8851675,290.8985086,291.8851675,291.769442,289.1264601,289.5861091,287.3190976,287.3462081,291.752901,291.8851675,291.8145158,287.3453202,288.2646182,285.1598518,290.288523,290.4557033,291.8851675,285.9663731,283.3633613,286.9116291,291.3100957,287.7627244,305,289.5861091,290.4836354,287.7627244,305,282.4490613,284.3001455,284.6910741,290.9042594,290.0170057,286.0243646,290.9076001,288.2071621,289.5684497,289.5684497,289.5684497,291.769442,291.8851675,291.8851675,291.8851675,291.8851675,291.8851675,291.752901,289.5355885,291.3421354,289.9792153,NaN,NaN
NaN,NaN,285.5641803,287.355245,285.5807378,288.2655014,290.8985086,291.8851675,290.0120766,291.3421354,291.8851675,289.1264601,289.5684498,290.8985086,289.9883021,290.4479511,287.8049693,NaN,NaN,290.0120766,291.7980852,291.8851675,291.3174895,290.4228421,289.152755,291.8851675,291.8145158,290.8722196,287.3511373,287.7623797,286.4644402,289.1264601,289.0697804,286.9346211,291.769442,291.8851675,291.8851675,284.2473928,305,283.7750125,286.0244997,284.2477595,285.5585565,285.137412,289.5355885,290.0457582,290.0116949,287.7988717,286.8754708,286.8856712,291.3478861,291.8851675,291.8851675,287.7849057,287.7988717,288.6491565,290.0170057,289.5684497,290.4228421,NaN,NaN
NaN,NaN,NaN,NaN,NaN,NaN,NaN,NaN,NaN,NaN,NaN,NaN,NaN,NaN,NaN,NaN,NaN,NaN,NaN,289.1297522,291.8851675,291.8851675,289.1264601,291.8851675,291.8851675,291.8851675,291.8851675,289.9792153,289.0925718,289.5286531,288.6668112,290.9042593,286.4326656,290.0170057,289.5286531,291.8851675,287.3778515,285.137111,287.6481247,291.8851675,289.069004,NaN,NaN,NaN,NaN,NaN,NaN,NaN,NaN,NaN,NaN,NaN,NaN,NaN,NaN,NaN,NaN,NaN,NaN,NaN,NaN
NaN,NaN,NaN,NaN,NaN,NaN,NaN,NaN,NaN,NaN,NaN,NaN,NaN,NaN,NaN,NaN,NaN,NaN,NaN,291.8851675,291.8851675,291.8851675,287.7945789,290.4622756,291.8851675,291.8851675,291.8851675,288.7091282,284.2426893,288.2383909,290.9076001,291.769442,289.0927833,291.8851675,291.8851675,291.8851675,283.3233912,285.9560987,287.290344,291.8851675,287.355245,NaN,NaN,NaN,NaN,NaN,NaN,NaN,NaN,NaN,NaN,NaN,NaN,NaN,NaN,NaN,NaN,NaN,NaN,NaN,NaN
NaN,NaN,NaN,NaN,NaN,NaN,NaN,NaN,NaN,NaN,NaN,NaN,NaN,NaN,NaN,NaN,NaN,NaN,NaN,290.8500383,291.8851675,288.6491634,291.8851675,291.7119859,291.8851675,291.8851675,291.8851675,287.8049693,284.2426893,289.5861091,289.5861091,291.8851675,291.8851675,291.8851675,291.8851675,290.9042593,287.7577952,291.8851675,290.8725366,291.8851675,284.7164871,NaN,NaN,NaN,NaN,NaN,NaN,NaN,NaN,NaN,NaN,NaN,NaN,NaN,NaN,NaN,NaN,NaN,NaN,NaN,NaN
NaN,NaN,NaN,NaN,NaN,NaN,NaN,NaN,NaN,NaN,NaN,NaN,NaN,NaN,NaN,NaN,NaN,NaN,NaN,291.8851675,291.8851675,284.7023383,291.8851675,288.6811962,291.8851675,291.8851675,291.8851675,291.769442,287.7475131,291.8851675,288.2646182,291.8851675,285.1045312,291.8851675,291.8851675,291.8851675,305,290.9076001,291.8851675,291.8851675,286.9116182,NaN,NaN,NaN,NaN,NaN,NaN,NaN,NaN,NaN,NaN,NaN,NaN,NaN,NaN,NaN,NaN,NaN,NaN,NaN,NaN
NaN,NaN,NaN,NaN,NaN,NaN,NaN,NaN,NaN,NaN,NaN,NaN,NaN,NaN,NaN,NaN,NaN,NaN,NaN,291.8851675,291.8851675,287.3453202,289.0928057,291.8851675,291.8851675,288.6491634,290.850144,290.4228421,291.8851675,305,285.137412,285.1045312,289.069004,289.126813,290.9076001,292.6312839,289.1264601,289.5861091,287.2878641,291.8851675,291.8851675,NaN,NaN,NaN,NaN,NaN,NaN,NaN,NaN,NaN,NaN,NaN,NaN,NaN,NaN,NaN,NaN,NaN,NaN,NaN,NaN
NaN,NaN,NaN,NaN,NaN,NaN,NaN,NaN,NaN,NaN,NaN,NaN,NaN,NaN,NaN,NaN,NaN,NaN,NaN,291.8851675,291.8851675,290.0172777,288.609355,282.8424347,290.4625189,289.5861091,283.3233912,284.2426893,287.8049693,291.8851675,305,285.9663731,286.8856712,291.8851675,289.069004,291.769442,289.5861091,291.8851675,290.4836354,291.8851675,290.4479511,NaN,NaN,NaN,NaN,NaN,NaN,NaN,NaN,NaN,NaN,NaN,NaN,NaN,NaN,NaN,NaN,NaN,NaN,NaN,NaN
NaN,NaN,NaN,NaN,NaN,NaN,NaN,NaN,NaN,NaN,NaN,NaN,NaN,NaN,NaN,NaN,NaN,NaN,NaN,291.8851675,291.8851675,285.5336622,286.4260222,283.3808474,290.0105975,291.8851675,286.8856712,289.9792153,290.9076001,286.4260222,287.3453202,284.7162826,284.7162826,288.2424015,286.8856712,289.5150502,291.8851675,285.545412,291.8851675,291.8851675,287.8049693,NaN,NaN,NaN,NaN,NaN,NaN,NaN,NaN,NaN,NaN,NaN,NaN,NaN,NaN,NaN,NaN,NaN,NaN,NaN,NaN
NaN,NaN,NaN,NaN,NaN,NaN,NaN,NaN,NaN,NaN,NaN,NaN,NaN,NaN,NaN,NaN,NaN,NaN,NaN,291.8851675,291.8851675,289.1264601,286.9078089,289.1264601,289.9794219,291.8851675,285.5377555,289.1264601,288.6813924,288.2646182,285.5112695,285.1619874,286.8682915,289.9883021,289.069004,291.8851675,291.8851675,291.8851675,290.850144,291.8851675,291.769442,NaN,NaN,NaN,NaN,NaN,NaN,NaN,NaN,NaN,NaN,NaN,NaN,NaN,NaN,NaN,NaN,NaN,NaN,NaN,NaN
NaN,NaN,NaN,NaN,NaN,NaN,NaN,NaN,NaN,NaN,NaN,NaN,NaN,NaN,NaN,NaN,NaN,NaN,NaN,287.7849057,291.8851675,284.2477596,289.1264601,282.9421082,291.8851675,291.8851675,285.1022927,291.8851675,291.8851675,291.8851675,286.9078089,291.3672491,288.2029801,289.5861091,290.850144,286.4260222,283.8044559,286.4260222,290.390495,291.8851675,288.6668112,NaN,NaN,NaN,NaN,NaN,NaN,NaN,NaN,NaN,NaN,NaN,NaN,NaN,NaN,NaN,NaN,NaN,NaN,NaN,NaN
NaN,NaN,NaN,NaN,NaN,NaN,NaN,NaN,NaN,NaN,NaN,NaN,NaN,NaN,NaN,NaN,NaN,NaN,NaN,284.6448822,291.8851675,289.9883021,286.4322867,283.8068584,286.8856712,291.8851675,287.2878641,290.0116949,291.3709022,291.8851675,284.7023383,282.3976523,287.290344,291.769442,291.8851675,290.390495,291.8851675,291.8851675,291.8851675,291.8851675,289.5355885,NaN,NaN,NaN,NaN,NaN,NaN,NaN,NaN,NaN,NaN,NaN,NaN,NaN,NaN,NaN,NaN,NaN,NaN,NaN,NaN
NaN,NaN,NaN,NaN,NaN,NaN,NaN,NaN,NaN,NaN,NaN,NaN,NaN,NaN,NaN,NaN,NaN,NaN,NaN,287.2878641,291.8851675,289.8733898,287.8214824,285.1619874,288.2071621,287.3453202,291.8851675,290.9271883,291.8851675,291.8851675,291.8851675,290.4047684,287.3453202,290.3875163,289.5861091,291.8851675,283.3611629,290.4834849,291.8851675,291.8851675,289.1264601,NaN,NaN,NaN,NaN,NaN,NaN,NaN,NaN,NaN,NaN,NaN,NaN,NaN,NaN,NaN,NaN,NaN,NaN,NaN,NaN
NaN,NaN,NaN,NaN,NaN,NaN,NaN,NaN,NaN,NaN,NaN,NaN,NaN,NaN,NaN,NaN,NaN,NaN,NaN,286.4260222,291.8851675,291.8851675,283.7255841,289.1264601,291.8851675,291.8851675,286.8754708,290.4479511,288.2071621,286.4260222,291.8851675,291.8851675,289.5286531,283.6885887,289.069004,288.0881516,290.455151,284.6748433,291.8851675,291.8851675,288.1800622,NaN,NaN,NaN,NaN,NaN,NaN,NaN,NaN,NaN,NaN,NaN,NaN,NaN,NaN,NaN,NaN,NaN,NaN,NaN,NaN
NaN,NaN,NaN,NaN,NaN,NaN,NaN,NaN,NaN,NaN,NaN,NaN,NaN,NaN,NaN,NaN,NaN,NaN,NaN,290.850144,291.8851675,291.8851675,285.5456132,289.1264601,290.4834849,290.8496663,289.1264601,286.828215,287.7580772,305,286.0238293,287.8049693,286.8856712,289.5355885,286.0238293,288.6252156,285.6034312,289.5861091,285.5456132,291.8851675,305,NaN,NaN,NaN,NaN,NaN,NaN,NaN,NaN,NaN,NaN,NaN,NaN,NaN,NaN,NaN,NaN,NaN,NaN,NaN,NaN
NaN,NaN,NaN,NaN,NaN,NaN,NaN,NaN,NaN,NaN,NaN,NaN,NaN,NaN,NaN,NaN,NaN,NaN,NaN,291.8851675,291.8851675,286.4491391,305,285.1022927,287.313181,290.4275938,291.8851675,289.5861091,283.7848708,288.6668112,284.5874261,288.2071621,286.8856712,287.8049693,291.8851675,282.8880615,284.6589833,286.4260222,291.8851675,291.8851675,285.9890388,NaN,NaN,NaN,NaN,NaN,NaN,NaN,NaN,NaN,NaN,NaN,NaN,NaN,NaN,NaN,NaN,NaN,NaN,NaN,NaN
NaN,NaN,NaN,NaN,NaN,NaN,NaN,NaN,NaN,NaN,NaN,NaN,NaN,NaN,NaN,NaN,NaN,NaN,NaN,289.9792153,291.8851675,283.3233912,287.8049693,291.769442,290.0116949,289.5286531,291.8851675,286.0238293,283.7255841,287.3453202,283.7830403,284.989619,291.8851675,291.8851675,286.4680592,286.4834783,282.4425997,289.1248157,286.4680592,291.8851675,289.9883021,NaN,NaN,NaN,NaN,NaN,NaN,NaN,NaN,NaN,NaN,NaN,NaN,NaN,NaN,NaN,NaN,NaN,NaN,NaN,NaN
NaN,NaN,NaN,NaN,NaN,NaN,NaN,NaN,NaN,NaN,NaN,NaN,NaN,NaN,NaN,NaN,NaN,NaN,NaN,291.8851675,291.8851675,284.2234212,282.8861158,291.8851675,289.5861091,287.7945789,288.6860133,290.0170057,291.8851675,290.9076001,288.6475134,290.8725366,287.3459546,290.8664689,290.0457582,291.8851675,305,291.8851675,291.8851675,291.8851675,286.4260222,NaN,NaN,NaN,NaN,NaN,NaN,NaN,NaN,NaN,NaN,NaN,NaN,NaN,NaN,NaN,NaN,NaN,NaN,NaN,NaN
